2026-03-17 14:42:22.669 INFO  [main] u.g.o.OkrTrackingSystemApplication - Starting OkrTrackingSystemApplication using Java 25.0.2 with PID 19986 (/Users/spencer_coder/IdeaProjects/OKR/okrTrackingSystem/target/classes started by spencer_coder in /Users/spencer_coder/IdeaProjects/OKR/okrTrackingSystem)
2026-03-17 14:42:22.671 DEBUG [main] u.g.o.OkrTrackingSystemApplication - Running with Spring Boot v4.1.0-M1, Spring v7.0.3
2026-03-17 14:42:22.671 INFO  [main] u.g.o.OkrTrackingSystemApplication - No active profile set, falling back to 1 default profile: "default"
2026-03-17 14:42:22.783 INFO  [background-preinit] o.h.validator.internal.util.Version - HV000001: Hibernate Validator 9.1.0.Final
2026-03-17 14:42:23.210 INFO  [main] o.a.coyote.http11.Http11NioProtocol - Initializing ProtocolHandler ["http-nio-8080"]
2026-03-17 14:42:23.211 INFO  [main] o.a.catalina.core.StandardService - Starting service [Tomcat]
2026-03-17 14:42:23.211 INFO  [main] o.a.catalina.core.StandardEngine - Starting Servlet engine: [Apache Tomcat/11.0.15]
2026-03-17 14:42:23.281 INFO  [main] org.hibernate.orm.jpa - HHH008540: Processing PersistenceUnitInfo [name: default]
2026-03-17 14:42:23.304 INFO  [main] org.hibernate.orm.core - HHH000001: Hibernate ORM core version 7.2.1.Final
2026-03-17 14:42:23.473 INFO  [main] com.zaxxer.hikari.HikariDataSource - HikariPool-1 - Starting...
2026-03-17 14:42:23.561 INFO  [main] com.zaxxer.hikari.pool.HikariPool - HikariPool-1 - Added connection conn0: url=jdbc:h2:file:./data/okrdb user=SA
2026-03-17 14:42:23.562 INFO  [main] com.zaxxer.hikari.HikariDataSource - HikariPool-1 - Start completed.
2026-03-17 14:42:23.572 WARN  [main] org.hibernate.orm.deprecation - HHH90000025: H2Dialect does not need to be specified explicitly using 'hibernate.dialect' (remove the property setting and it will be selected by default)
2026-03-17 14:42:23.579 INFO  [main] o.hibernate.orm.connections.pooling - HHH10001005: Database info:
	Database JDBC URL [jdbc:h2:file:./data/okrdb]
	Database driver: H2 JDBC Driver
	Database dialect: H2Dialect
	Database version: 2.4.240
	Default catalog/schema: OKRDB/PUBLIC
	Autocommit mode: undefined/unknown
	Isolation level: READ_COMMITTED [default READ_COMMITTED]
	JDBC fetch size: 100
	Pool: DataSourceConnectionProvider
	Minimum pool size: undefined/unknown
	Maximum pool size: undefined/unknown
2026-03-17 14:42:24.006 INFO  [main] org.hibernate.orm.core - HHH000489: No JTA platform available (set 'hibernate.transaction.jta.platform' to enable JTA platform integration)
2026-03-17 14:42:24.022 DEBUG [main] org.hibernate.SQL - 
    alter table if exists score_snapshots 
       drop constraint if exists UKf2ulak0lye5dvv05p0vbcqtbd
2026-03-17 14:42:24.023 DEBUG [main] org.hibernate.SQL - 
    alter table if exists score_snapshots 
       add constraint UKf2ulak0lye5dvv05p0vbcqtbd unique (target_id, target_type, snapshot_month, snapshot_year)
2026-03-17 14:42:24.323 DEBUG [main] u.g.o.s.JwtAuthenticationFilter - Filter 'jwtAuthenticationFilter' configured for use
2026-03-17 14:42:24.323 DEBUG [main] u.g.o.config.RequestLoggingFilter - Filter 'requestLoggingFilter' configured for use
2026-03-17 14:42:24.388 WARN  [main] o.s.s.c.a.a.c.InitializeUserDetailsBeanManagerConfigurer$InitializeUserDetailsManagerConfigurer - Global AuthenticationManager configured with an AuthenticationProvider bean. UserDetailsService beans will not be used by Spring Security for automatically configuring username/password login. Consider removing the AuthenticationProvider bean. Alternatively, consider using the UserDetailsService in a manually instantiated DaoAuthenticationProvider. If the current configuration is intentional, to turn off this warning, increase the logging level of 'org.springframework.security.config.annotation.authentication.configuration.InitializeUserDetailsBeanManagerConfigurer' to ERROR
2026-03-17 14:42:24.533 DEBUG [main] org.hibernate.SQL - 
    select
        count(*) 
    from
        score_levels sl1_0
2026-03-17 14:42:24.590 WARN  [main] o.s.b.j.a.JpaBaseConfiguration$JpaWebConfiguration - spring.jpa.open-in-view is enabled by default. Therefore, database queries may be performed during view rendering. Explicitly configure spring.jpa.open-in-view to disable this warning
2026-03-17 14:42:24.870 INFO  [main] o.a.coyote.http11.Http11NioProtocol - Starting ProtocolHandler ["http-nio-8080"]
2026-03-17 14:42:24.877 INFO  [main] u.g.o.OkrTrackingSystemApplication - Started OkrTrackingSystemApplication in 2.487 seconds (process running for 2.828)
2026-03-17 14:42:24.887 DEBUG [main] org.hibernate.SQL - 
    select
        d1_0.id,
        d1_0.created_at,
        d1_0.leader_id,
        d1_0.division_id,
        d1_0.name,
        d1_0.updated_at 
    from
        department d1_0 
    where
        d1_0.division_id is null
2026-03-17 14:42:24.891 DEBUG [main] u.g.o.config.DataMigrationConfig - No orphan departments found - migration not needed
2026-03-17 14:42:24.892 DEBUG [main] org.hibernate.SQL - 
    select
        count(*) 
    from
        users u1_0
2026-03-17 14:42:24.893 DEBUG [main] org.hibernate.SQL - 
    select
        count(*) 
    from
        users u1_0
2026-03-17 14:42:24.893 INFO  [main] u.g.o.config.DataInitializer - Users already exist in database, count: 24
2026-03-17 14:42:24.896 DEBUG [main] org.hibernate.SQL - 
    select
        count(*) 
    from
        platform_settings ps1_0 
    where
        ps1_0.setting_key=?
2026-03-17 14:42:24.896 TRACE [main] org.hibernate.orm.jdbc.bind - binding parameter (1:VARCHAR) <- [REQUIRE_ATTACHMENT_FOR_ACTUAL_VALUE]
2026-03-17 14:42:24.905 INFO  [main] u.g.o.config.DatabaseMigration - DatabaseMigration: objectives.level column updated to VARCHAR(20)
2026-03-17 14:42:24.905 INFO  [main] u.g.o.config.DatabaseMigration - DatabaseMigration: key_results.active column added
2026-03-17 14:42:24.907 INFO  [main] u.g.o.config.DatabaseMigration - DatabaseMigration: score_snapshots.SNAPSHOT_MONTH column added and migrated
2026-03-17 14:42:24.907 INFO  [main] u.g.o.config.DatabaseMigration - DatabaseMigration: score_snapshots unique constraint updated to use SNAPSHOT_MONTH
2026-03-17 14:42:24.910 DEBUG [main] org.hibernate.SQL - 
    select
        e1_0.id,
        e1_0.comment,
        e1_0.created_at,
        e1_0.evaluator_id,
        e1_0.evaluator_type,
        e1_0.letter_rating,
        e1_0.numeric_rating,
        e1_0.status,
        e1_0.submitted_at,
        e1_0.target_id,
        e1_0.target_type,
        e1_0.updated_at 
    from
        evaluations e1_0
2026-03-17 14:42:24.911 INFO  [main] u.g.o.service.EvaluationService - No DRAFT evaluations found to migrate
2026-03-17 14:42:40.515 INFO  [http-nio-8080-exec-5] o.a.c.c.C.[Tomcat].[localhost].[/] - Initializing Spring DispatcherServlet 'dispatcherServlet'
2026-03-17 14:42:47.177 INFO  [http-nio-8080-exec-7] u.g.o.controller.AuthController - Login attempt for user: admin
2026-03-17 14:42:47.247 INFO  [http-nio-8080-exec-7] u.g.o.s.UserDetailsServiceImpl - Loading user by username: admin
2026-03-17 14:42:47.250 DEBUG [http-nio-8080-exec-7] org.hibernate.SQL - 
    select
        u1_0.id,
        u1_0.bio,
        u1_0.can_edit_assigned_departments,
        u1_0.created_at,
        u1_0.email,
        u1_0.full_name,
        u1_0.is_active,
        u1_0.job_title,
        u1_0.last_login,
        u1_0.password,
        u1_0.phone_number,
        u1_0.profile_photo_url,
        u1_0.read_only,
        u1_0.role,
        u1_0.updated_at,
        u1_0.username 
    from
        users u1_0 
    where
        u1_0.username=?
2026-03-17 14:42:47.250 TRACE [http-nio-8080-exec-7] org.hibernate.orm.jdbc.bind - binding parameter (1:VARCHAR) <- [admin]
2026-03-17 14:42:47.258 INFO  [http-nio-8080-exec-7] u.g.o.s.UserDetailsServiceImpl - Found user: admin, role: ADMIN, active: true
2026-03-17 14:42:47.258 INFO  [http-nio-8080-exec-7] u.g.o.s.UserDetailsServiceImpl - UserDetails created, enabled: true
2026-03-17 14:42:47.331 INFO  [http-nio-8080-exec-7] u.g.o.controller.AuthController - Authentication successful for user: admin
2026-03-17 14:42:47.340 INFO  [http-nio-8080-exec-7] u.g.o.controller.AuthController - JWT token generated for user: admin
2026-03-17 14:42:47.340 INFO  [http-nio-8080-exec-7] u.g.o.controller.AuthController - UserDetails principal ID: 9e48c44a-cfe7-40e2-9f6d-9d32b40c4dbf, username: admin
2026-03-17 14:42:47.347 DEBUG [http-nio-8080-exec-7] org.hibernate.SQL - 
    update
        users 
    set
        bio=?,
        can_edit_assigned_departments=?,
        email=?,
        full_name=?,
        is_active=?,
        job_title=?,
        last_login=?,
        password=?,
        phone_number=?,
        profile_photo_url=?,
        read_only=?,
        role=?,
        updated_at=?,
        username=? 
    where
        id=?
2026-03-17 14:42:47.347 TRACE [http-nio-8080-exec-7] org.hibernate.orm.jdbc.bind - binding parameter (1:VARCHAR) <- [null]
2026-03-17 14:42:47.347 TRACE [http-nio-8080-exec-7] org.hibernate.orm.jdbc.bind - binding parameter (2:BOOLEAN) <- [false]
2026-03-17 14:42:47.347 TRACE [http-nio-8080-exec-7] org.hibernate.orm.jdbc.bind - binding parameter (3:VARCHAR) <- [admin@garantbank.uz]
2026-03-17 14:42:47.347 TRACE [http-nio-8080-exec-7] org.hibernate.orm.jdbc.bind - binding parameter (4:VARCHAR) <- [System Administrator]
2026-03-17 14:42:47.347 TRACE [http-nio-8080-exec-7] org.hibernate.orm.jdbc.bind - binding parameter (5:BOOLEAN) <- [true]
2026-03-17 14:42:47.347 TRACE [http-nio-8080-exec-7] org.hibernate.orm.jdbc.bind - binding parameter (6:VARCHAR) <- [null]
2026-03-17 14:42:47.347 TRACE [http-nio-8080-exec-7] org.hibernate.orm.jdbc.bind - binding parameter (7:TIMESTAMP) <- [2026-03-17T14:42:47.342706]
2026-03-17 14:42:47.347 TRACE [http-nio-8080-exec-7] org.hibernate.orm.jdbc.bind - binding parameter (8:VARCHAR) <- [$2a$10$YF3.XH.NrW4tGzaPMvsk.uuPkkn3W0YzbjpSVjIva1nDhOscOjsKy]
2026-03-17 14:42:47.347 TRACE [http-nio-8080-exec-7] org.hibernate.orm.jdbc.bind - binding parameter (9:VARCHAR) <- [null]
2026-03-17 14:42:47.347 TRACE [http-nio-8080-exec-7] org.hibernate.orm.jdbc.bind - binding parameter (10:VARCHAR) <- [null]
2026-03-17 14:42:47.347 TRACE [http-nio-8080-exec-7] org.hibernate.orm.jdbc.bind - binding parameter (11:BOOLEAN) <- [false]
2026-03-17 14:42:47.347 TRACE [http-nio-8080-exec-7] org.hibernate.orm.jdbc.bind - binding parameter (12:ENUM) <- [ADMIN]
2026-03-17 14:42:47.347 TRACE [http-nio-8080-exec-7] org.hibernate.orm.jdbc.bind - binding parameter (13:TIMESTAMP) <- [2026-03-17T14:42:47.343708]
2026-03-17 14:42:47.348 TRACE [http-nio-8080-exec-7] org.hibernate.orm.jdbc.bind - binding parameter (14:VARCHAR) <- [admin]
2026-03-17 14:42:47.348 TRACE [http-nio-8080-exec-7] org.hibernate.orm.jdbc.bind - binding parameter (15:UUID) <- [9e48c44a-cfe7-40e2-9f6d-9d32b40c4dbf]
2026-03-17 14:42:47.348 INFO  [http-nio-8080-exec-7] u.g.o.controller.AuthController - Last login updated for user: admin
2026-03-17 14:42:47.351 DEBUG [http-nio-8080-exec-7] org.hibernate.SQL - 
    select
        u1_0.id,
        ad1_0.user_id,
        ad1_1.id,
        ad1_1.created_at,
        ad1_1.leader_id,
        ad1_1.division_id,
        ad1_1.name,
        ad1_1.updated_at,
        u1_0.bio,
        u1_0.can_edit_assigned_departments,
        u1_0.created_at,
        u1_0.email,
        u1_0.full_name,
        u1_0.is_active,
        u1_0.job_title,
        u1_0.last_login,
        u1_0.password,
        u1_0.phone_number,
        u1_0.profile_photo_url,
        u1_0.read_only,
        u1_0.role,
        u1_0.updated_at,
        u1_0.username 
    from
        users u1_0 
    left join
        user_departments ad1_0 
            on u1_0.id=ad1_0.user_id 
    left join
        department ad1_1 
            on ad1_1.id=ad1_0.department_id 
    where
        u1_0.id=?
2026-03-17 14:42:47.352 TRACE [http-nio-8080-exec-7] org.hibernate.orm.jdbc.bind - binding parameter (1:UUID) <- [9e48c44a-cfe7-40e2-9f6d-9d32b40c4dbf]
2026-03-17 14:42:47.353 DEBUG [http-nio-8080-exec-7] org.hibernate.SQL - 
    select
        ag1_0.user_id,
        ag1_1.id,
        ag1_1.created_at,
        ag1_1.department_id,
        ag1_1.leader_id,
        ag1_1.name,
        ag1_1.updated_at 
    from
        group_members ag1_0 
    join
        org_groups ag1_1 
            on ag1_1.id=ag1_0.group_id 
    where
        ag1_0.user_id=?
2026-03-17 14:42:47.354 TRACE [http-nio-8080-exec-7] org.hibernate.orm.jdbc.bind - binding parameter (1:UUID) <- [9e48c44a-cfe7-40e2-9f6d-9d32b40c4dbf]
2026-03-17 14:42:47.354 INFO  [http-nio-8080-exec-7] u.g.o.controller.AuthController - Login completed for user: admin
2026-03-17 14:42:47.364 INFO  [http-nio-8080-exec-7] u.g.o.config.RequestLoggingFilter - POST /api/auth/login 200 (232ms)
2026-03-17 14:42:47.386 INFO  [http-nio-8080-exec-8] u.g.o.s.UserDetailsServiceImpl - Loading user by username: admin
2026-03-17 14:42:47.386 DEBUG [http-nio-8080-exec-8] org.hibernate.SQL - 
    select
        u1_0.id,
        u1_0.bio,
        u1_0.can_edit_assigned_departments,
        u1_0.created_at,
        u1_0.email,
        u1_0.full_name,
        u1_0.is_active,
        u1_0.job_title,
        u1_0.last_login,
        u1_0.password,
        u1_0.phone_number,
        u1_0.profile_photo_url,
        u1_0.read_only,
        u1_0.role,
        u1_0.updated_at,
        u1_0.username 
    from
        users u1_0 
    where
        u1_0.username=?
2026-03-17 14:42:47.386 TRACE [http-nio-8080-exec-8] org.hibernate.orm.jdbc.bind - binding parameter (1:VARCHAR) <- [admin]
2026-03-17 14:42:47.387 INFO  [http-nio-8080-exec-8] u.g.o.s.UserDetailsServiceImpl - Found user: admin, role: ADMIN, active: true
2026-03-17 14:42:47.387 INFO  [http-nio-8080-exec-8] u.g.o.s.UserDetailsServiceImpl - UserDetails created, enabled: true
2026-03-17 14:42:47.389 INFO  [http-nio-8080-exec-9] u.g.o.s.UserDetailsServiceImpl - Loading user by username: admin
2026-03-17 14:42:47.389 DEBUG [http-nio-8080-exec-9] org.hibernate.SQL - 
    select
        u1_0.id,
        u1_0.bio,
        u1_0.can_edit_assigned_departments,
        u1_0.created_at,
        u1_0.email,
        u1_0.full_name,
        u1_0.is_active,
        u1_0.job_title,
        u1_0.last_login,
        u1_0.password,
        u1_0.phone_number,
        u1_0.profile_photo_url,
        u1_0.read_only,
        u1_0.role,
        u1_0.updated_at,
        u1_0.username 
    from
        users u1_0 
    where
        u1_0.username=?
2026-03-17 14:42:47.389 DEBUG [http-nio-8080-exec-8] org.hibernate.SQL - 
    select
        ps1_0.setting_key,
        ps1_0.description,
        ps1_0.setting_value 
    from
        platform_settings ps1_0
2026-03-17 14:42:47.390 TRACE [http-nio-8080-exec-9] org.hibernate.orm.jdbc.bind - binding parameter (1:VARCHAR) <- [admin]
2026-03-17 14:42:47.390 INFO  [http-nio-8080-exec-3] u.g.o.s.UserDetailsServiceImpl - Loading user by username: admin
2026-03-17 14:42:47.390 INFO  [http-nio-8080-exec-10] u.g.o.s.UserDetailsServiceImpl - Loading user by username: admin
2026-03-17 14:42:47.391 DEBUG [http-nio-8080-exec-10] org.hibernate.SQL - 
    select
        u1_0.id,
        u1_0.bio,
        u1_0.can_edit_assigned_departments,
        u1_0.created_at,
        u1_0.email,
        u1_0.full_name,
        u1_0.is_active,
        u1_0.job_title,
        u1_0.last_login,
        u1_0.password,
        u1_0.phone_number,
        u1_0.profile_photo_url,
        u1_0.read_only,
        u1_0.role,
        u1_0.updated_at,
        u1_0.username 
    from
        users u1_0 
    where
        u1_0.username=?
2026-03-17 14:42:47.391 DEBUG [http-nio-8080-exec-3] org.hibernate.SQL - 
    select
        u1_0.id,
        u1_0.bio,
        u1_0.can_edit_assigned_departments,
        u1_0.created_at,
        u1_0.email,
        u1_0.full_name,
        u1_0.is_active,
        u1_0.job_title,
        u1_0.last_login,
        u1_0.password,
        u1_0.phone_number,
        u1_0.profile_photo_url,
        u1_0.read_only,
        u1_0.role,
        u1_0.updated_at,
        u1_0.username 
    from
        users u1_0 
    where
        u1_0.username=?
2026-03-17 14:42:47.391 INFO  [http-nio-8080-exec-9] u.g.o.s.UserDetailsServiceImpl - Found user: admin, role: ADMIN, active: true
2026-03-17 14:42:47.391 INFO  [http-nio-8080-exec-9] u.g.o.s.UserDetailsServiceImpl - UserDetails created, enabled: true
2026-03-17 14:42:47.391 TRACE [http-nio-8080-exec-10] org.hibernate.orm.jdbc.bind - binding parameter (1:VARCHAR) <- [admin]
2026-03-17 14:42:47.391 TRACE [http-nio-8080-exec-3] org.hibernate.orm.jdbc.bind - binding parameter (1:VARCHAR) <- [admin]
2026-03-17 14:42:47.392 INFO  [http-nio-8080-exec-3] u.g.o.s.UserDetailsServiceImpl - Found user: admin, role: ADMIN, active: true
2026-03-17 14:42:47.392 INFO  [http-nio-8080-exec-3] u.g.o.s.UserDetailsServiceImpl - UserDetails created, enabled: true
2026-03-17 14:42:47.392 INFO  [http-nio-8080-exec-10] u.g.o.s.UserDetailsServiceImpl - Found user: admin, role: ADMIN, active: true
2026-03-17 14:42:47.392 INFO  [http-nio-8080-exec-10] u.g.o.s.UserDetailsServiceImpl - UserDetails created, enabled: true
2026-03-17 14:42:47.394 INFO  [http-nio-8080-exec-8] u.g.o.config.RequestLoggingFilter - GET /api/platform-settings 200 (7ms)
2026-03-17 14:42:47.394 DEBUG [http-nio-8080-exec-10] org.hibernate.SQL - 
    select
        u1_0.id,
        u1_0.bio,
        u1_0.can_edit_assigned_departments,
        u1_0.created_at,
        u1_0.email,
        u1_0.full_name,
        u1_0.is_active,
        u1_0.job_title,
        u1_0.last_login,
        u1_0.password,
        u1_0.phone_number,
        u1_0.profile_photo_url,
        u1_0.read_only,
        u1_0.role,
        u1_0.updated_at,
        u1_0.username 
    from
        users u1_0 
    where
        u1_0.id=?
2026-03-17 14:42:47.394 TRACE [http-nio-8080-exec-10] org.hibernate.orm.jdbc.bind - binding parameter (1:UUID) <- [9e48c44a-cfe7-40e2-9f6d-9d32b40c4dbf]
2026-03-17 14:42:47.400 DEBUG [http-nio-8080-exec-10] org.hibernate.SQL - 
    select
        e1_0.id,
        e1_0.comment,
        e1_0.created_at,
        e1_0.evaluator_id,
        e1_0.evaluator_type,
        e1_0.letter_rating,
        e1_0.numeric_rating,
        e1_0.status,
        e1_0.submitted_at,
        e1_0.target_id,
        e1_0.target_type,
        e1_0.updated_at 
    from
        evaluations e1_0 
    where
        e1_0.target_type=? 
        and e1_0.target_id=?
2026-03-17 14:42:47.400 DEBUG [http-nio-8080-exec-9] org.hibernate.SQL - 
    select
        distinct d1_0.id,
        d1_0.created_at,
        d1_0.leader_id,
        d1_0.division_id,
        d2_0.id,
        d2_0.created_at,
        d2_0.leader_id,
        d2_0.name,
        d2_0.updated_at,
        d1_0.name,
        o1_0.department_id,
        o1_0.id,
        o1_0.created_at,
        o1_0.division_id,
        o1_0.employee_id,
        o1_0.group_id,
        kr1_0.objective_id,
        kr1_0.id,
        kr1_0.active,
        kr1_0.actual_value,
        kr1_0.attachment_file_name,
        kr1_0.attachment_url,
        kr1_0.description,
        kr1_0.metric_type,
        kr1_0.name,
        kr1_0.progress,
        kr1_0.threshold_below,
        kr1_0.threshold_exceptional,
        kr1_0.threshold_good,
        kr1_0.threshold_meets,
        kr1_0.threshold_very_good,
        kr1_0.unit,
        kr1_0.weight,
        o1_0.level,
        o1_0.name,
        o1_0.weight,
        d1_0.updated_at 
    from
        department d1_0 
    left join
        division d2_0 
            on d2_0.id=d1_0.division_id 
    left join
        objectives o1_0 
            on d1_0.id=o1_0.department_id 
    left join
        key_results kr1_0 
            on o1_0.id=kr1_0.objective_id 
    order by
        o1_0.created_at,
        kr1_0.id
2026-03-17 14:42:47.401 TRACE [http-nio-8080-exec-10] org.hibernate.orm.jdbc.bind - binding parameter (1:VARCHAR) <- [EMPLOYEE]
2026-03-17 14:42:47.401 TRACE [http-nio-8080-exec-10] org.hibernate.orm.jdbc.bind - binding parameter (2:UUID) <- [9e48c44a-cfe7-40e2-9f6d-9d32b40c4dbf]
2026-03-17 14:42:47.402 DEBUG [http-nio-8080-exec-3] org.hibernate.SQL - 
    select
        distinct d1_0.id,
        d1_0.created_at,
        d2_0.division_id,
        d2_0.id,
        d2_0.created_at,
        d2_0.leader_id,
        d2_0.name,
        d2_0.updated_at,
        d1_0.leader_id,
        d1_0.name,
        d1_0.updated_at 
    from
        division d1_0 
    left join
        department d2_0 
            on d1_0.id=d2_0.division_id
2026-03-17 14:42:47.405 INFO  [http-nio-8080-exec-10] u.g.o.config.RequestLoggingFilter - GET /api/evaluations/employee/9e48c44a-cfe7-40e2-9f6d-9d32b40c4dbf/summary 200 (13ms)
2026-03-17 14:42:47.409 DEBUG [http-nio-8080-exec-3] org.hibernate.SQL - 
    select
        distinct o1_0.id,
        o1_0.created_at,
        o1_0.department_id,
        o1_0.division_id,
        o1_0.employee_id,
        o1_0.group_id,
        kr1_0.objective_id,
        kr1_0.id,
        kr1_0.active,
        kr1_0.actual_value,
        kr1_0.attachment_file_name,
        kr1_0.attachment_url,
        kr1_0.description,
        kr1_0.metric_type,
        kr1_0.name,
        kr1_0.progress,
        kr1_0.threshold_below,
        kr1_0.threshold_exceptional,
        kr1_0.threshold_good,
        kr1_0.threshold_meets,
        kr1_0.threshold_very_good,
        kr1_0.unit,
        kr1_0.weight,
        o1_0.level,
        o1_0.name,
        o1_0.weight 
    from
        objectives o1_0 
    left join
        key_results kr1_0 
            on o1_0.id=kr1_0.objective_id 
    where
        o1_0.division_id=? 
    order by
        kr1_0.id
2026-03-17 14:42:47.410 TRACE [http-nio-8080-exec-3] org.hibernate.orm.jdbc.bind - binding parameter (1:VARCHAR) <- [126ac915-03c3-4cd8-abed-214b41a4deab]
2026-03-17 14:42:47.411 DEBUG [http-nio-8080-exec-3] u.g.o.s.ScoreCalculationService - Calculating score for KR 'Совокупный NPL портфеля (%)': actual=2.5, type=LOWER_BETTER, thresholds=[below=8.0, meets=5.0, good=3.0, veryGood=1.5, exceptional=0.5]
2026-03-17 14:42:47.415 DEBUG [http-nio-8080-exec-3] org.hibernate.SQL - 
    select
        sl1_0.id,
        sl1_0.color,
        sl1_0.display_order,
        sl1_0.is_default,
        sl1_0.name,
        sl1_0.score_value 
    from
        score_levels sl1_0 
    order by
        sl1_0.display_order
2026-03-17 14:42:47.416 DEBUG [http-nio-8080-exec-9] org.hibernate.SQL - 
    select
        u1_0.id,
        u1_0.bio,
        u1_0.can_edit_assigned_departments,
        u1_0.created_at,
        u1_0.email,
        u1_0.full_name,
        u1_0.is_active,
        u1_0.job_title,
        u1_0.last_login,
        u1_0.password,
        u1_0.phone_number,
        u1_0.profile_photo_url,
        u1_0.read_only,
        u1_0.role,
        u1_0.updated_at,
        u1_0.username 
    from
        users u1_0 
    where
        u1_0.id in (?, ?, ?, ?, ?, ?, ?, ?, ?, ?, ?, ?, ?, ?, ?, ?, ?, ?, ?, ?)
2026-03-17 14:42:47.417 TRACE [http-nio-8080-exec-9] org.hibernate.orm.jdbc.bind - binding parameter (1:UUID) <- [9e48c44a-cfe7-40e2-9f6d-9d32b40c4dbf]
2026-03-17 14:42:47.417 TRACE [http-nio-8080-exec-9] org.hibernate.orm.jdbc.bind - binding parameter (2:UUID) <- [cf7be2aa-6f5f-4b6c-ae08-5abccf1b6b23]
2026-03-17 14:42:47.417 TRACE [http-nio-8080-exec-9] org.hibernate.orm.jdbc.bind - binding parameter (3:UUID) <- [7c3acce8-424f-475b-932e-c10e6639e72e]
2026-03-17 14:42:47.417 TRACE [http-nio-8080-exec-9] org.hibernate.orm.jdbc.bind - binding parameter (4:UUID) <- [dc178b7e-5940-4a6c-93b2-e1c3679bb773]
2026-03-17 14:42:47.417 TRACE [http-nio-8080-exec-9] org.hibernate.orm.jdbc.bind - binding parameter (5:UUID) <- [138d6e14-117e-43cf-8922-3e89113b447c]
2026-03-17 14:42:47.417 TRACE [http-nio-8080-exec-9] org.hibernate.orm.jdbc.bind - binding parameter (6:UUID) <- [6cf756f8-b404-4e00-b42d-ddb96cd4d392]
2026-03-17 14:42:47.417 TRACE [http-nio-8080-exec-9] org.hibernate.orm.jdbc.bind - binding parameter (7:UUID) <- [529eba22-3555-4480-94d2-7dbe2651c636]
2026-03-17 14:42:47.417 TRACE [http-nio-8080-exec-9] org.hibernate.orm.jdbc.bind - binding parameter (8:UUID) <- [7268cdd8-159e-4012-b8b1-ea195be40f96]
2026-03-17 14:42:47.417 TRACE [http-nio-8080-exec-9] org.hibernate.orm.jdbc.bind - binding parameter (9:UUID) <- [09776962-1ccd-4bc7-881c-02cbb0372ce2]
2026-03-17 14:42:47.417 TRACE [http-nio-8080-exec-9] org.hibernate.orm.jdbc.bind - binding parameter (10:UUID) <- [null]
2026-03-17 14:42:47.417 TRACE [http-nio-8080-exec-9] org.hibernate.orm.jdbc.bind - binding parameter (11:UUID) <- [null]
2026-03-17 14:42:47.417 TRACE [http-nio-8080-exec-9] org.hibernate.orm.jdbc.bind - binding parameter (12:UUID) <- [null]
2026-03-17 14:42:47.417 TRACE [http-nio-8080-exec-9] org.hibernate.orm.jdbc.bind - binding parameter (13:UUID) <- [null]
2026-03-17 14:42:47.417 TRACE [http-nio-8080-exec-9] org.hibernate.orm.jdbc.bind - binding parameter (14:UUID) <- [null]
2026-03-17 14:42:47.417 DEBUG [http-nio-8080-exec-3] u.g.o.s.ScoreCalculationService - KR 'Совокупный NPL портфеля (%)' score result: score=0.63, level=на_уровне_ожиданий
2026-03-17 14:42:47.417 TRACE [http-nio-8080-exec-9] org.hibernate.orm.jdbc.bind - binding parameter (15:UUID) <- [null]
2026-03-17 14:42:47.417 TRACE [http-nio-8080-exec-9] org.hibernate.orm.jdbc.bind - binding parameter (16:UUID) <- [null]
2026-03-17 14:42:47.417 TRACE [http-nio-8080-exec-9] org.hibernate.orm.jdbc.bind - binding parameter (17:UUID) <- [null]
2026-03-17 14:42:47.417 TRACE [http-nio-8080-exec-9] org.hibernate.orm.jdbc.bind - binding parameter (18:UUID) <- [null]
2026-03-17 14:42:47.417 DEBUG [http-nio-8080-exec-3] u.g.o.s.ScoreCalculationService - Calculating score for KR 'Точность риск-моделей (%)': actual=86.0, type=HIGHER_BETTER, thresholds=[below=65.0, meets=75.0, good=83.0, veryGood=90.0, exceptional=95.0]
2026-03-17 14:42:47.417 TRACE [http-nio-8080-exec-9] org.hibernate.orm.jdbc.bind - binding parameter (19:UUID) <- [null]
2026-03-17 14:42:47.417 TRACE [http-nio-8080-exec-9] org.hibernate.orm.jdbc.bind - binding parameter (20:UUID) <- [null]
2026-03-17 14:42:47.418 DEBUG [http-nio-8080-exec-3] u.g.o.s.ScoreCalculationService - KR 'Точность риск-моделей (%)' score result: score=0.66, level=на_уровне_ожиданий
2026-03-17 14:42:47.418 DEBUG [http-nio-8080-exec-3] u.g.o.s.ScoreCalculationService - Calculating score for KR 'Совокупный NPL портфеля (%)': actual=2.5, type=LOWER_BETTER, thresholds=[below=8.0, meets=5.0, good=3.0, veryGood=1.5, exceptional=0.5]
2026-03-17 14:42:47.418 DEBUG [http-nio-8080-exec-3] u.g.o.s.ScoreCalculationService - KR 'Совокупный NPL портфеля (%)' score result: score=0.63, level=на_уровне_ожиданий
2026-03-17 14:42:47.418 DEBUG [http-nio-8080-exec-3] u.g.o.s.ScoreCalculationService - Calculating score for KR 'Точность риск-моделей (%)': actual=86.0, type=HIGHER_BETTER, thresholds=[below=65.0, meets=75.0, good=83.0, veryGood=90.0, exceptional=95.0]
2026-03-17 14:42:47.418 DEBUG [http-nio-8080-exec-3] u.g.o.s.ScoreCalculationService - KR 'Точность риск-моделей (%)' score result: score=0.66, level=на_уровне_ожиданий
2026-03-17 14:42:47.418 DEBUG [http-nio-8080-exec-3] u.g.o.s.ScoreCalculationService - Calculating score for KR 'Нарушения регуляторных требований (кол-во)': actual=6.0, type=LOWER_BETTER, thresholds=[below=15.0, meets=8.0, good=4.0, veryGood=1.0, exceptional=0.0]
2026-03-17 14:42:47.418 DEBUG [http-nio-8080-exec-3] u.g.o.s.ScoreCalculationService - KR 'Нарушения регуляторных требований (кол-во)' score result: score=0.41, level=ниже_ожиданий
2026-03-17 14:42:47.418 DEBUG [http-nio-8080-exec-3] u.g.o.s.ScoreCalculationService - Calculating score for KR 'Своевременная сдача отчётов (%)': actual=88.0, type=HIGHER_BETTER, thresholds=[below=70.0, meets=80.0, good=90.0, veryGood=96.0, exceptional=100.0]
2026-03-17 14:42:47.418 DEBUG [http-nio-8080-exec-3] u.g.o.s.ScoreCalculationService - KR 'Своевременная сдача отчётов (%)' score result: score=0.47, level=ниже_ожиданий
2026-03-17 14:42:47.418 DEBUG [http-nio-8080-exec-3] u.g.o.s.ScoreCalculationService - Calculating score for KR 'Нарушения регуляторных требований (кол-во)': actual=6.0, type=LOWER_BETTER, thresholds=[below=15.0, meets=8.0, good=4.0, veryGood=1.0, exceptional=0.0]
2026-03-17 14:42:47.419 DEBUG [http-nio-8080-exec-3] u.g.o.s.ScoreCalculationService - KR 'Нарушения регуляторных требований (кол-во)' score result: score=0.41, level=ниже_ожиданий
2026-03-17 14:42:47.419 DEBUG [http-nio-8080-exec-3] u.g.o.s.ScoreCalculationService - Calculating score for KR 'Своевременная сдача отчётов (%)': actual=88.0, type=HIGHER_BETTER, thresholds=[below=70.0, meets=80.0, good=90.0, veryGood=96.0, exceptional=100.0]
2026-03-17 14:42:47.419 DEBUG [http-nio-8080-exec-3] u.g.o.s.ScoreCalculationService - KR 'Своевременная сдача отчётов (%)' score result: score=0.47, level=ниже_ожиданий
2026-03-17 14:42:47.419 DEBUG [http-nio-8080-exec-9] u.g.o.s.ScoreCalculationService - Calculating score for KR 'Объём выданных потребительских кредитов (млрд сум)': actual=118.0, type=HIGHER_BETTER, thresholds=[below=50.0, meets=70.0, good=90.0, veryGood=110.0, exceptional=130.0]
2026-03-17 14:42:47.419 DEBUG [http-nio-8080-exec-3] u.g.o.s.ScoreCalculationService - Calculating score for KR 'Совокупный NPL портфеля (%)': actual=2.5, type=LOWER_BETTER, thresholds=[below=8.0, meets=5.0, good=3.0, veryGood=1.5, exceptional=0.5]
2026-03-17 14:42:47.419 DEBUG [http-nio-8080-exec-3] u.g.o.s.ScoreCalculationService - KR 'Совокупный NPL портфеля (%)' score result: score=0.63, level=на_уровне_ожиданий
2026-03-17 14:42:47.419 DEBUG [http-nio-8080-exec-3] u.g.o.s.ScoreCalculationService - Calculating score for KR 'Точность риск-моделей (%)': actual=86.0, type=HIGHER_BETTER, thresholds=[below=65.0, meets=75.0, good=83.0, veryGood=90.0, exceptional=95.0]
2026-03-17 14:42:47.419 DEBUG [http-nio-8080-exec-9] org.hibernate.SQL - 
    select
        sl1_0.id,
        sl1_0.color,
        sl1_0.display_order,
        sl1_0.is_default,
        sl1_0.name,
        sl1_0.score_value 
    from
        score_levels sl1_0 
    order by
        sl1_0.display_order
2026-03-17 14:42:47.419 DEBUG [http-nio-8080-exec-3] u.g.o.s.ScoreCalculationService - KR 'Точность риск-моделей (%)' score result: score=0.66, level=на_уровне_ожиданий
2026-03-17 14:42:47.419 DEBUG [http-nio-8080-exec-3] u.g.o.s.ScoreCalculationService - Calculating score for KR 'Нарушения регуляторных требований (кол-во)': actual=6.0, type=LOWER_BETTER, thresholds=[below=15.0, meets=8.0, good=4.0, veryGood=1.0, exceptional=0.0]
2026-03-17 14:42:47.419 DEBUG [http-nio-8080-exec-3] u.g.o.s.ScoreCalculationService - KR 'Нарушения регуляторных требований (кол-во)' score result: score=0.41, level=ниже_ожиданий
2026-03-17 14:42:47.419 DEBUG [http-nio-8080-exec-3] u.g.o.s.ScoreCalculationService - Calculating score for KR 'Своевременная сдача отчётов (%)': actual=88.0, type=HIGHER_BETTER, thresholds=[below=70.0, meets=80.0, good=90.0, veryGood=96.0, exceptional=100.0]
2026-03-17 14:42:47.419 DEBUG [http-nio-8080-exec-3] u.g.o.s.ScoreCalculationService - KR 'Своевременная сдача отчётов (%)' score result: score=0.47, level=ниже_ожиданий
2026-03-17 14:42:47.419 DEBUG [http-nio-8080-exec-9] u.g.o.s.ScoreCalculationService - KR 'Объём выданных потребительских кредитов (млрд сум)' score result: score=0.92, level=превышает_ожидания
2026-03-17 14:42:47.420 DEBUG [http-nio-8080-exec-9] u.g.o.s.ScoreCalculationService - Calculating score for KR 'Количество новых заёмщиков за квартал': actual=1350.0, type=HIGHER_BETTER, thresholds=[below=500.0, meets=800.0, good=1100.0, veryGood=1400.0, exceptional=1700.0]
2026-03-17 14:42:47.420 DEBUG [http-nio-8080-exec-9] u.g.o.s.ScoreCalculationService - KR 'Количество новых заёмщиков за квартал' score result: score=0.8, level=на_уровне_ожиданий
2026-03-17 14:42:47.420 DEBUG [http-nio-8080-exec-9] u.g.o.s.ScoreCalculationService - Calculating score for KR 'Доля просроченной задолженности (%)': actual=1.8, type=LOWER_BETTER, thresholds=[below=8.0, meets=5.0, good=3.0, veryGood=1.5, exceptional=0.5]
2026-03-17 14:42:47.420 DEBUG [http-nio-8080-exec-9] u.g.o.s.ScoreCalculationService - KR 'Доля просроченной задолженности (%)' score result: score=0.79, level=на_уровне_ожиданий
2026-03-17 14:42:47.420 DEBUG [http-nio-8080-exec-9] u.g.o.s.ScoreCalculationService - Calculating score for KR 'Объём выданных потребительских кредитов (млрд сум)': actual=118.0, type=HIGHER_BETTER, thresholds=[below=50.0, meets=70.0, good=90.0, veryGood=110.0, exceptional=130.0]
2026-03-17 14:42:47.420 DEBUG [http-nio-8080-exec-9] u.g.o.s.ScoreCalculationService - KR 'Объём выданных потребительских кредитов (млрд сум)' score result: score=0.92, level=превышает_ожидания
2026-03-17 14:42:47.420 DEBUG [http-nio-8080-exec-9] u.g.o.s.ScoreCalculationService - Calculating score for KR 'Количество новых заёмщиков за квартал': actual=1350.0, type=HIGHER_BETTER, thresholds=[below=500.0, meets=800.0, good=1100.0, veryGood=1400.0, exceptional=1700.0]
2026-03-17 14:42:47.420 DEBUG [http-nio-8080-exec-9] u.g.o.s.ScoreCalculationService - KR 'Количество новых заёмщиков за квартал' score result: score=0.8, level=на_уровне_ожиданий
2026-03-17 14:42:47.420 DEBUG [http-nio-8080-exec-9] u.g.o.s.ScoreCalculationService - Calculating score for KR 'Доля просроченной задолженности (%)': actual=1.8, type=LOWER_BETTER, thresholds=[below=8.0, meets=5.0, good=3.0, veryGood=1.5, exceptional=0.5]
2026-03-17 14:42:47.420 DEBUG [http-nio-8080-exec-9] u.g.o.s.ScoreCalculationService - KR 'Доля просроченной задолженности (%)' score result: score=0.79, level=на_уровне_ожиданий
2026-03-17 14:42:47.421 DEBUG [http-nio-8080-exec-3] org.hibernate.SQL - 
    select
        distinct o1_0.id,
        o1_0.created_at,
        o1_0.department_id,
        o1_0.division_id,
        o1_0.employee_id,
        o1_0.group_id,
        kr1_0.objective_id,
        kr1_0.id,
        kr1_0.active,
        kr1_0.actual_value,
        kr1_0.attachment_file_name,
        kr1_0.attachment_url,
        kr1_0.description,
        kr1_0.metric_type,
        kr1_0.name,
        kr1_0.progress,
        kr1_0.threshold_below,
        kr1_0.threshold_exceptional,
        kr1_0.threshold_good,
        kr1_0.threshold_meets,
        kr1_0.threshold_very_good,
        kr1_0.unit,
        kr1_0.weight,
        o1_0.level,
        o1_0.name,
        o1_0.weight 
    from
        objectives o1_0 
    left join
        key_results kr1_0 
            on o1_0.id=kr1_0.objective_id 
    where
        o1_0.division_id=? 
    order by
        kr1_0.id
2026-03-17 14:42:47.421 DEBUG [http-nio-8080-exec-9] u.g.o.s.ScoreCalculationService - Calculating score for KR 'Новые активные клиенты (тыс. чел)': actual=7.2, type=HIGHER_BETTER, thresholds=[below=2.0, meets=3.5, good=5.0, veryGood=7.0, exceptional=10.0]
2026-03-17 14:42:47.421 TRACE [http-nio-8080-exec-3] org.hibernate.orm.jdbc.bind - binding parameter (1:VARCHAR) <- [30cd3ad2-e697-45a2-ae96-f1284a0a0db7]
2026-03-17 14:42:47.421 DEBUG [http-nio-8080-exec-9] u.g.o.s.ScoreCalculationService - KR 'Новые активные клиенты (тыс. чел)' score result: score=0.87, level=превышает_ожидания
2026-03-17 14:42:47.421 DEBUG [http-nio-8080-exec-9] u.g.o.s.ScoreCalculationService - Calculating score for KR 'Уровень удержания клиентов (%)': actual=91.0, type=HIGHER_BETTER, thresholds=[below=70.0, meets=80.0, good=88.0, veryGood=94.0, exceptional=100.0]
2026-03-17 14:42:47.421 DEBUG [http-nio-8080-exec-9] u.g.o.s.ScoreCalculationService - KR 'Уровень удержания клиентов (%)' score result: score=0.69, level=на_уровне_ожиданий
2026-03-17 14:42:47.421 DEBUG [http-nio-8080-exec-9] u.g.o.s.ScoreCalculationService - Calculating score for KR 'Новые активные клиенты (тыс. чел)': actual=7.2, type=HIGHER_BETTER, thresholds=[below=2.0, meets=3.5, good=5.0, veryGood=7.0, exceptional=10.0]
2026-03-17 14:42:47.421 DEBUG [http-nio-8080-exec-9] u.g.o.s.ScoreCalculationService - KR 'Новые активные клиенты (тыс. чел)' score result: score=0.87, level=превышает_ожидания
2026-03-17 14:42:47.421 DEBUG [http-nio-8080-exec-9] u.g.o.s.ScoreCalculationService - Calculating score for KR 'Уровень удержания клиентов (%)': actual=91.0, type=HIGHER_BETTER, thresholds=[below=70.0, meets=80.0, good=88.0, veryGood=94.0, exceptional=100.0]
2026-03-17 14:42:47.421 DEBUG [http-nio-8080-exec-9] u.g.o.s.ScoreCalculationService - KR 'Уровень удержания клиентов (%)' score result: score=0.69, level=на_уровне_ожиданий
2026-03-17 14:42:47.421 DEBUG [http-nio-8080-exec-3] u.g.o.s.ScoreCalculationService - Calculating score for KR 'Доля рынка в розничных кредитах (%)': actual=7.8, type=HIGHER_BETTER, thresholds=[below=3.0, meets=5.0, good=7.0, veryGood=9.0, exceptional=12.0]
2026-03-17 14:42:47.421 DEBUG [http-nio-8080-exec-3] u.g.o.s.ScoreCalculationService - KR 'Доля рынка в розничных кредитах (%)' score result: score=0.65, level=на_уровне_ожиданий
2026-03-17 14:42:47.421 DEBUG [http-nio-8080-exec-3] u.g.o.s.ScoreCalculationService - Calculating score for KR 'Совокупный розничный доход (млрд сум)': actual=245.0, type=HIGHER_BETTER, thresholds=[below=100.0, meets=150.0, good=200.0, veryGood=260.0, exceptional=320.0]
2026-03-17 14:42:47.421 DEBUG [http-nio-8080-exec-9] u.g.o.s.ScoreCalculationService - Calculating score for KR 'Время обработки заявки на кредит (часы)': actual=4.0, type=LOWER_BETTER, thresholds=[below=24.0, meets=12.0, good=6.0, veryGood=3.0, exceptional=1.0]
2026-03-17 14:42:47.421 DEBUG [http-nio-8080-exec-3] u.g.o.s.ScoreCalculationService - KR 'Совокупный розничный доход (млрд сум)' score result: score=0.77, level=на_уровне_ожиданий
2026-03-17 14:42:47.421 DEBUG [http-nio-8080-exec-3] u.g.o.s.ScoreCalculationService - Calculating score for KR 'Доля рынка в розничных кредитах (%)': actual=7.8, type=HIGHER_BETTER, thresholds=[below=3.0, meets=5.0, good=7.0, veryGood=9.0, exceptional=12.0]
2026-03-17 14:42:47.421 DEBUG [http-nio-8080-exec-9] u.g.o.s.ScoreCalculationService - KR 'Время обработки заявки на кредит (часы)' score result: score=0.74, level=на_уровне_ожиданий
2026-03-17 14:42:47.421 DEBUG [http-nio-8080-exec-3] u.g.o.s.ScoreCalculationService - KR 'Доля рынка в розничных кредитах (%)' score result: score=0.65, level=на_уровне_ожиданий
2026-03-17 14:42:47.421 DEBUG [http-nio-8080-exec-3] u.g.o.s.ScoreCalculationService - Calculating score for KR 'Совокупный розничный доход (млрд сум)': actual=245.0, type=HIGHER_BETTER, thresholds=[below=100.0, meets=150.0, good=200.0, veryGood=260.0, exceptional=320.0]
2026-03-17 14:42:47.421 DEBUG [http-nio-8080-exec-9] u.g.o.s.ScoreCalculationService - Calculating score for KR 'Конверсия заявок на кредит онлайн (%)': actual=33.0, type=HIGHER_BETTER, thresholds=[below=15.0, meets=22.0, good=30.0, veryGood=38.0, exceptional=45.0]
2026-03-17 14:42:47.422 DEBUG [http-nio-8080-exec-3] u.g.o.s.ScoreCalculationService - KR 'Совокупный розничный доход (млрд сум)' score result: score=0.77, level=на_уровне_ожиданий
2026-03-17 14:42:47.422 DEBUG [http-nio-8080-exec-9] u.g.o.s.ScoreCalculationService - KR 'Конверсия заявок на кредит онлайн (%)' score result: score=0.64, level=на_уровне_ожиданий
2026-03-17 14:42:47.422 DEBUG [http-nio-8080-exec-3] u.g.o.s.ScoreCalculationService - Calculating score for KR 'NPS по розничному сегменту': actual=55.0, type=HIGHER_BETTER, thresholds=[below=20.0, meets=35.0, good=50.0, veryGood=65.0, exceptional=80.0]
2026-03-17 14:42:47.422 DEBUG [http-nio-8080-exec-3] u.g.o.s.ScoreCalculationService - KR 'NPS по розничному сегменту' score result: score=0.63, level=на_уровне_ожиданий
2026-03-17 14:42:47.422 DEBUG [http-nio-8080-exec-3] u.g.o.s.ScoreCalculationService - Calculating score for KR 'Индекс удовлетворённости клиентов (%)': actual=82.0, type=HIGHER_BETTER, thresholds=[below=60.0, meets=70.0, good=80.0, veryGood=88.0, exceptional=95.0]
2026-03-17 14:42:47.422 DEBUG [http-nio-8080-exec-9] u.g.o.s.ScoreCalculationService - Calculating score for KR 'Доля продаж через мобильное приложение (%)': actual=58.0, type=HIGHER_BETTER, thresholds=[below=20.0, meets=35.0, good=50.0, veryGood=65.0, exceptional=80.0]
2026-03-17 14:42:47.422 DEBUG [http-nio-8080-exec-3] u.g.o.s.ScoreCalculationService - KR 'Индекс удовлетворённости клиентов (%)' score result: score=0.6, level=на_уровне_ожиданий
2026-03-17 14:42:47.422 DEBUG [http-nio-8080-exec-3] u.g.o.s.ScoreCalculationService - Calculating score for KR 'NPS по розничному сегменту': actual=55.0, type=HIGHER_BETTER, thresholds=[below=20.0, meets=35.0, good=50.0, veryGood=65.0, exceptional=80.0]
2026-03-17 14:42:47.422 DEBUG [http-nio-8080-exec-3] u.g.o.s.ScoreCalculationService - KR 'NPS по розничному сегменту' score result: score=0.63, level=на_уровне_ожиданий
2026-03-17 14:42:47.422 DEBUG [http-nio-8080-exec-3] u.g.o.s.ScoreCalculationService - Calculating score for KR 'Индекс удовлетворённости клиентов (%)': actual=82.0, type=HIGHER_BETTER, thresholds=[below=60.0, meets=70.0, good=80.0, veryGood=88.0, exceptional=95.0]
2026-03-17 14:42:47.422 DEBUG [http-nio-8080-exec-9] u.g.o.s.ScoreCalculationService - KR 'Доля продаж через мобильное приложение (%)' score result: score=0.7, level=на_уровне_ожиданий
2026-03-17 14:42:47.422 DEBUG [http-nio-8080-exec-3] u.g.o.s.ScoreCalculationService - KR 'Индекс удовлетворённости клиентов (%)' score result: score=0.6, level=на_уровне_ожиданий
2026-03-17 14:42:47.422 DEBUG [http-nio-8080-exec-9] u.g.o.s.ScoreCalculationService - Calculating score for KR 'Время обработки заявки на кредит (часы)': actual=4.0, type=LOWER_BETTER, thresholds=[below=24.0, meets=12.0, good=6.0, veryGood=3.0, exceptional=1.0]
2026-03-17 14:42:47.422 DEBUG [http-nio-8080-exec-3] u.g.o.s.ScoreCalculationService - Calculating score for KR 'Доля рынка в розничных кредитах (%)': actual=7.8, type=HIGHER_BETTER, thresholds=[below=3.0, meets=5.0, good=7.0, veryGood=9.0, exceptional=12.0]
2026-03-17 14:42:47.422 DEBUG [http-nio-8080-exec-9] u.g.o.s.ScoreCalculationService - KR 'Время обработки заявки на кредит (часы)' score result: score=0.74, level=на_уровне_ожиданий
2026-03-17 14:42:47.422 DEBUG [http-nio-8080-exec-3] u.g.o.s.ScoreCalculationService - KR 'Доля рынка в розничных кредитах (%)' score result: score=0.65, level=на_уровне_ожиданий
2026-03-17 14:42:47.422 DEBUG [http-nio-8080-exec-9] u.g.o.s.ScoreCalculationService - Calculating score for KR 'Конверсия заявок на кредит онлайн (%)': actual=33.0, type=HIGHER_BETTER, thresholds=[below=15.0, meets=22.0, good=30.0, veryGood=38.0, exceptional=45.0]
2026-03-17 14:42:47.422 DEBUG [http-nio-8080-exec-3] u.g.o.s.ScoreCalculationService - Calculating score for KR 'Совокупный розничный доход (млрд сум)': actual=245.0, type=HIGHER_BETTER, thresholds=[below=100.0, meets=150.0, good=200.0, veryGood=260.0, exceptional=320.0]
2026-03-17 14:42:47.422 DEBUG [http-nio-8080-exec-9] u.g.o.s.ScoreCalculationService - KR 'Конверсия заявок на кредит онлайн (%)' score result: score=0.64, level=на_уровне_ожиданий
2026-03-17 14:42:47.422 DEBUG [http-nio-8080-exec-3] u.g.o.s.ScoreCalculationService - KR 'Совокупный розничный доход (млрд сум)' score result: score=0.77, level=на_уровне_ожиданий
2026-03-17 14:42:47.422 DEBUG [http-nio-8080-exec-9] u.g.o.s.ScoreCalculationService - Calculating score for KR 'Доля продаж через мобильное приложение (%)': actual=58.0, type=HIGHER_BETTER, thresholds=[below=20.0, meets=35.0, good=50.0, veryGood=65.0, exceptional=80.0]
2026-03-17 14:42:47.422 DEBUG [http-nio-8080-exec-3] u.g.o.s.ScoreCalculationService - Calculating score for KR 'NPS по розничному сегменту': actual=55.0, type=HIGHER_BETTER, thresholds=[below=20.0, meets=35.0, good=50.0, veryGood=65.0, exceptional=80.0]
2026-03-17 14:42:47.422 DEBUG [http-nio-8080-exec-9] u.g.o.s.ScoreCalculationService - KR 'Доля продаж через мобильное приложение (%)' score result: score=0.7, level=на_уровне_ожиданий
2026-03-17 14:42:47.422 DEBUG [http-nio-8080-exec-3] u.g.o.s.ScoreCalculationService - KR 'NPS по розничному сегменту' score result: score=0.63, level=на_уровне_ожиданий
2026-03-17 14:42:47.422 DEBUG [http-nio-8080-exec-3] u.g.o.s.ScoreCalculationService - Calculating score for KR 'Индекс удовлетворённости клиентов (%)': actual=82.0, type=HIGHER_BETTER, thresholds=[below=60.0, meets=70.0, good=80.0, veryGood=88.0, exceptional=95.0]
2026-03-17 14:42:47.422 DEBUG [http-nio-8080-exec-3] u.g.o.s.ScoreCalculationService - KR 'Индекс удовлетворённости клиентов (%)' score result: score=0.6, level=на_уровне_ожиданий
2026-03-17 14:42:47.422 DEBUG [http-nio-8080-exec-9] u.g.o.s.ScoreCalculationService - Calculating score for KR 'Личный объём проведённых переговоров с клиентами': actual=22.0, type=HIGHER_BETTER, thresholds=[below=5.0, meets=10.0, good=18.0, veryGood=25.0, exceptional=35.0]
2026-03-17 14:42:47.422 DEBUG [http-nio-8080-exec-9] u.g.o.s.ScoreCalculationService - KR 'Личный объём проведённых переговоров с клиентами' score result: score=0.71, level=на_уровне_ожиданий
2026-03-17 14:42:47.423 DEBUG [http-nio-8080-exec-9] u.g.o.s.ScoreCalculationService - Calculating score for KR 'Конверсия личных переговоров в сделки (%)': actual=45.0, type=HIGHER_BETTER, thresholds=[below=20.0, meets=30.0, good=40.0, veryGood=50.0, exceptional=65.0]
2026-03-17 14:42:47.423 DEBUG [http-nio-8080-exec-9] u.g.o.s.ScoreCalculationService - KR 'Конверсия личных переговоров в сделки (%)' score result: score=0.69, level=на_уровне_ожиданий
2026-03-17 14:42:47.423 DEBUG [http-nio-8080-exec-9] u.g.o.s.ScoreCalculationService - Calculating score for KR 'Личный объём проведённых переговоров с клиентами': actual=22.0, type=HIGHER_BETTER, thresholds=[below=5.0, meets=10.0, good=18.0, veryGood=25.0, exceptional=35.0]
2026-03-17 14:42:47.423 DEBUG [http-nio-8080-exec-9] u.g.o.s.ScoreCalculationService - KR 'Личный объём проведённых переговоров с клиентами' score result: score=0.71, level=на_уровне_ожиданий
2026-03-17 14:42:47.423 DEBUG [http-nio-8080-exec-9] u.g.o.s.ScoreCalculationService - Calculating score for KR 'Конверсия личных переговоров в сделки (%)': actual=45.0, type=HIGHER_BETTER, thresholds=[below=20.0, meets=30.0, good=40.0, veryGood=50.0, exceptional=65.0]
2026-03-17 14:42:47.423 DEBUG [http-nio-8080-exec-9] u.g.o.s.ScoreCalculationService - KR 'Конверсия личных переговоров в сделки (%)' score result: score=0.69, level=на_уровне_ожиданий
2026-03-17 14:42:47.423 DEBUG [http-nio-8080-exec-9] u.g.o.s.ScoreCalculationService - Calculating score for KR 'Индекс вовлечённости сотрудников (опрос, %)': actual=78.0, type=HIGHER_BETTER, thresholds=[below=50.0, meets=62.0, good=72.0, veryGood=82.0, exceptional=92.0]
2026-03-17 14:42:47.423 DEBUG [http-nio-8080-exec-9] u.g.o.s.ScoreCalculationService - KR 'Индекс вовлечённости сотрудников (опрос, %)' score result: score=0.72, level=на_уровне_ожиданий
2026-03-17 14:42:47.423 DEBUG [http-nio-8080-exec-9] u.g.o.s.ScoreCalculationService - Calculating score for KR 'Текучесть кадров в отделе (%)': actual=7.0, type=LOWER_BETTER, thresholds=[below=20.0, meets=15.0, good=10.0, veryGood=5.0, exceptional=2.0]
2026-03-17 14:42:47.423 DEBUG [http-nio-8080-exec-9] u.g.o.s.ScoreCalculationService - KR 'Текучесть кадров в отделе (%)' score result: score=0.72, level=на_уровне_ожиданий
2026-03-17 14:42:47.423 DEBUG [http-nio-8080-exec-9] u.g.o.s.ScoreCalculationService - Calculating score for KR 'Индекс вовлечённости сотрудников (опрос, %)': actual=78.0, type=HIGHER_BETTER, thresholds=[below=50.0, meets=62.0, good=72.0, veryGood=82.0, exceptional=92.0]
2026-03-17 14:42:47.423 DEBUG [http-nio-8080-exec-9] u.g.o.s.ScoreCalculationService - KR 'Индекс вовлечённости сотрудников (опрос, %)' score result: score=0.72, level=на_уровне_ожиданий
2026-03-17 14:42:47.423 DEBUG [http-nio-8080-exec-9] u.g.o.s.ScoreCalculationService - Calculating score for KR 'Текучесть кадров в отделе (%)': actual=7.0, type=LOWER_BETTER, thresholds=[below=20.0, meets=15.0, good=10.0, veryGood=5.0, exceptional=2.0]
2026-03-17 14:42:47.423 DEBUG [http-nio-8080-exec-9] u.g.o.s.ScoreCalculationService - KR 'Текучесть кадров в отделе (%)' score result: score=0.72, level=на_уровне_ожиданий
2026-03-17 14:42:47.424 DEBUG [http-nio-8080-exec-9] u.g.o.s.ScoreCalculationService - Calculating score for KR 'Личный объём проведённых переговоров с клиентами': actual=22.0, type=HIGHER_BETTER, thresholds=[below=5.0, meets=10.0, good=18.0, veryGood=25.0, exceptional=35.0]
2026-03-17 14:42:47.424 DEBUG [http-nio-8080-exec-3] org.hibernate.SQL - 
    select
        distinct o1_0.id,
        o1_0.created_at,
        o1_0.department_id,
        o1_0.division_id,
        o1_0.employee_id,
        o1_0.group_id,
        kr1_0.objective_id,
        kr1_0.id,
        kr1_0.active,
        kr1_0.actual_value,
        kr1_0.attachment_file_name,
        kr1_0.attachment_url,
        kr1_0.description,
        kr1_0.metric_type,
        kr1_0.name,
        kr1_0.progress,
        kr1_0.threshold_below,
        kr1_0.threshold_exceptional,
        kr1_0.threshold_good,
        kr1_0.threshold_meets,
        kr1_0.threshold_very_good,
        kr1_0.unit,
        kr1_0.weight,
        o1_0.level,
        o1_0.name,
        o1_0.weight 
    from
        objectives o1_0 
    left join
        key_results kr1_0 
            on o1_0.id=kr1_0.objective_id 
    where
        o1_0.division_id=? 
    order by
        kr1_0.id
2026-03-17 14:42:47.424 TRACE [http-nio-8080-exec-3] org.hibernate.orm.jdbc.bind - binding parameter (1:VARCHAR) <- [97453320-4040-45a8-ad05-d1e13e730aa7]
2026-03-17 14:42:47.424 DEBUG [http-nio-8080-exec-9] u.g.o.s.ScoreCalculationService - KR 'Личный объём проведённых переговоров с клиентами' score result: score=0.71, level=на_уровне_ожиданий
2026-03-17 14:42:47.424 DEBUG [http-nio-8080-exec-9] u.g.o.s.ScoreCalculationService - Calculating score for KR 'Конверсия личных переговоров в сделки (%)': actual=45.0, type=HIGHER_BETTER, thresholds=[below=20.0, meets=30.0, good=40.0, veryGood=50.0, exceptional=65.0]
2026-03-17 14:42:47.424 DEBUG [http-nio-8080-exec-9] u.g.o.s.ScoreCalculationService - KR 'Конверсия личных переговоров в сделки (%)' score result: score=0.69, level=на_уровне_ожиданий
2026-03-17 14:42:47.424 DEBUG [http-nio-8080-exec-9] u.g.o.s.ScoreCalculationService - Calculating score for KR 'Текучесть кадров в отделе (%)': actual=7.0, type=LOWER_BETTER, thresholds=[below=20.0, meets=15.0, good=10.0, veryGood=5.0, exceptional=2.0]
2026-03-17 14:42:47.424 DEBUG [http-nio-8080-exec-9] u.g.o.s.ScoreCalculationService - KR 'Текучесть кадров в отделе (%)' score result: score=0.72, level=на_уровне_ожиданий
2026-03-17 14:42:47.424 DEBUG [http-nio-8080-exec-9] u.g.o.s.ScoreCalculationService - Calculating score for KR 'Индекс вовлечённости сотрудников (опрос, %)': actual=78.0, type=HIGHER_BETTER, thresholds=[below=50.0, meets=62.0, good=72.0, veryGood=82.0, exceptional=92.0]
2026-03-17 14:42:47.424 DEBUG [http-nio-8080-exec-9] u.g.o.s.ScoreCalculationService - KR 'Индекс вовлечённости сотрудников (опрос, %)' score result: score=0.72, level=на_уровне_ожиданий
2026-03-17 14:42:47.424 DEBUG [http-nio-8080-exec-9] u.g.o.s.ScoreCalculationService - Calculating score for KR 'Личный объём проведённых переговоров с клиентами': actual=22.0, type=HIGHER_BETTER, thresholds=[below=5.0, meets=10.0, good=18.0, veryGood=25.0, exceptional=35.0]
2026-03-17 14:42:47.424 DEBUG [http-nio-8080-exec-9] u.g.o.s.ScoreCalculationService - KR 'Личный объём проведённых переговоров с клиентами' score result: score=0.71, level=на_уровне_ожиданий
2026-03-17 14:42:47.424 DEBUG [http-nio-8080-exec-3] u.g.o.s.ScoreCalculationService - Calculating score for KR 'Проекты завершённые в срок и бюджете (%)': actual=80.0, type=HIGHER_BETTER, thresholds=[below=50.0, meets=65.0, good=78.0, veryGood=88.0, exceptional=95.0]
2026-03-17 14:42:47.424 DEBUG [http-nio-8080-exec-9] u.g.o.s.ScoreCalculationService - Calculating score for KR 'Конверсия личных переговоров в сделки (%)': actual=45.0, type=HIGHER_BETTER, thresholds=[below=20.0, meets=30.0, good=40.0, veryGood=50.0, exceptional=65.0]
2026-03-17 14:42:47.424 DEBUG [http-nio-8080-exec-3] u.g.o.s.ScoreCalculationService - KR 'Проекты завершённые в срок и бюджете (%)' score result: score=0.58, level=на_уровне_ожиданий
2026-03-17 14:42:47.424 DEBUG [http-nio-8080-exec-9] u.g.o.s.ScoreCalculationService - KR 'Конверсия личных переговоров в сделки (%)' score result: score=0.69, level=на_уровне_ожиданий
2026-03-17 14:42:47.424 DEBUG [http-nio-8080-exec-3] u.g.o.s.ScoreCalculationService - Calculating score for KR 'Проекты завершённые в срок и бюджете (%)': actual=80.0, type=HIGHER_BETTER, thresholds=[below=50.0, meets=65.0, good=78.0, veryGood=88.0, exceptional=95.0]
2026-03-17 14:42:47.424 DEBUG [http-nio-8080-exec-9] u.g.o.s.ScoreCalculationService - Calculating score for KR 'Индекс вовлечённости сотрудников (опрос, %)': actual=78.0, type=HIGHER_BETTER, thresholds=[below=50.0, meets=62.0, good=72.0, veryGood=82.0, exceptional=92.0]
2026-03-17 14:42:47.424 DEBUG [http-nio-8080-exec-3] u.g.o.s.ScoreCalculationService - KR 'Проекты завершённые в срок и бюджете (%)' score result: score=0.58, level=на_уровне_ожиданий
2026-03-17 14:42:47.424 DEBUG [http-nio-8080-exec-9] u.g.o.s.ScoreCalculationService - KR 'Индекс вовлечённости сотрудников (опрос, %)' score result: score=0.72, level=на_уровне_ожиданий
2026-03-17 14:42:47.424 DEBUG [http-nio-8080-exec-3] u.g.o.s.ScoreCalculationService - Calculating score for KR 'Совокупный корпоративный доход (трлн сум)': actual=2.8, type=HIGHER_BETTER, thresholds=[below=1.0, meets=1.5, good=2.2, veryGood=3.0, exceptional=4.0]
2026-03-17 14:42:47.424 DEBUG [http-nio-8080-exec-9] u.g.o.s.ScoreCalculationService - Calculating score for KR 'Текучесть кадров в отделе (%)': actual=7.0, type=LOWER_BETTER, thresholds=[below=20.0, meets=15.0, good=10.0, veryGood=5.0, exceptional=2.0]
2026-03-17 14:42:47.424 DEBUG [http-nio-8080-exec-3] u.g.o.s.ScoreCalculationService - KR 'Совокупный корпоративный доход (трлн сум)' score result: score=0.77, level=на_уровне_ожиданий
2026-03-17 14:42:47.424 DEBUG [http-nio-8080-exec-9] u.g.o.s.ScoreCalculationService - KR 'Текучесть кадров в отделе (%)' score result: score=0.72, level=на_уровне_ожиданий
2026-03-17 14:42:47.424 DEBUG [http-nio-8080-exec-3] u.g.o.s.ScoreCalculationService - Calculating score for KR 'Количество корпоративных клиентов': actual=230.0, type=HIGHER_BETTER, thresholds=[below=100.0, meets=150.0, good=200.0, veryGood=270.0, exceptional=350.0]
2026-03-17 14:42:47.424 DEBUG [http-nio-8080-exec-3] u.g.o.s.ScoreCalculationService - KR 'Количество корпоративных клиентов' score result: score=0.66, level=на_уровне_ожиданий
2026-03-17 14:42:47.425 DEBUG [http-nio-8080-exec-3] u.g.o.s.ScoreCalculationService - Calculating score for KR 'Совокупный корпоративный доход (трлн сум)': actual=2.8, type=HIGHER_BETTER, thresholds=[below=1.0, meets=1.5, good=2.2, veryGood=3.0, exceptional=4.0]
2026-03-17 14:42:47.425 DEBUG [http-nio-8080-exec-3] u.g.o.s.ScoreCalculationService - KR 'Совокупный корпоративный доход (трлн сум)' score result: score=0.77, level=на_уровне_ожиданий
2026-03-17 14:42:47.425 DEBUG [http-nio-8080-exec-3] u.g.o.s.ScoreCalculationService - Calculating score for KR 'Количество корпоративных клиентов': actual=230.0, type=HIGHER_BETTER, thresholds=[below=100.0, meets=150.0, good=200.0, veryGood=270.0, exceptional=350.0]
2026-03-17 14:42:47.425 DEBUG [http-nio-8080-exec-3] u.g.o.s.ScoreCalculationService - KR 'Количество корпоративных клиентов' score result: score=0.66, level=на_уровне_ожиданий
2026-03-17 14:42:47.425 DEBUG [http-nio-8080-exec-3] u.g.o.s.ScoreCalculationService - Calculating score for KR 'Проекты завершённые в срок и бюджете (%)': actual=80.0, type=HIGHER_BETTER, thresholds=[below=50.0, meets=65.0, good=78.0, veryGood=88.0, exceptional=95.0]
2026-03-17 14:42:47.425 DEBUG [http-nio-8080-exec-3] u.g.o.s.ScoreCalculationService - KR 'Проекты завершённые в срок и бюджете (%)' score result: score=0.58, level=на_уровне_ожиданий
2026-03-17 14:42:47.425 DEBUG [http-nio-8080-exec-3] u.g.o.s.ScoreCalculationService - Calculating score for KR 'Совокупный корпоративный доход (трлн сум)': actual=2.8, type=HIGHER_BETTER, thresholds=[below=1.0, meets=1.5, good=2.2, veryGood=3.0, exceptional=4.0]
2026-03-17 14:42:47.425 DEBUG [http-nio-8080-exec-3] u.g.o.s.ScoreCalculationService - KR 'Совокупный корпоративный доход (трлн сум)' score result: score=0.77, level=на_уровне_ожиданий
2026-03-17 14:42:47.425 DEBUG [http-nio-8080-exec-3] u.g.o.s.ScoreCalculationService - Calculating score for KR 'Количество корпоративных клиентов': actual=230.0, type=HIGHER_BETTER, thresholds=[below=100.0, meets=150.0, good=200.0, veryGood=270.0, exceptional=350.0]
2026-03-17 14:42:47.425 DEBUG [http-nio-8080-exec-3] u.g.o.s.ScoreCalculationService - KR 'Количество корпоративных клиентов' score result: score=0.66, level=на_уровне_ожиданий
2026-03-17 14:42:47.426 DEBUG [http-nio-8080-exec-9] org.hibernate.SQL - 
    select
        og1_0.id,
        og1_0.created_at,
        og1_0.department_id,
        og1_0.leader_id,
        og1_0.name,
        o1_0.group_id,
        o1_0.id,
        o1_0.created_at,
        o1_0.department_id,
        o1_0.division_id,
        o1_0.employee_id,
        kr1_0.objective_id,
        kr1_0.id,
        kr1_0.active,
        kr1_0.actual_value,
        kr1_0.attachment_file_name,
        kr1_0.attachment_url,
        kr1_0.description,
        kr1_0.metric_type,
        kr1_0.name,
        kr1_0.progress,
        kr1_0.threshold_below,
        kr1_0.threshold_exceptional,
        kr1_0.threshold_good,
        kr1_0.threshold_meets,
        kr1_0.threshold_very_good,
        kr1_0.unit,
        kr1_0.weight,
        o1_0.level,
        o1_0.name,
        o1_0.weight,
        og1_0.updated_at 
    from
        org_groups og1_0 
    left join
        objectives o1_0 
            on og1_0.id=o1_0.group_id 
    left join
        key_results kr1_0 
            on o1_0.id=kr1_0.objective_id 
    where
        og1_0.department_id=? 
    order by
        o1_0.created_at,
        kr1_0.id
2026-03-17 14:42:47.426 DEBUG [http-nio-8080-exec-3] org.hibernate.SQL - 
    select
        distinct o1_0.id,
        o1_0.created_at,
        o1_0.department_id,
        o1_0.division_id,
        o1_0.employee_id,
        o1_0.group_id,
        kr1_0.objective_id,
        kr1_0.id,
        kr1_0.active,
        kr1_0.actual_value,
        kr1_0.attachment_file_name,
        kr1_0.attachment_url,
        kr1_0.description,
        kr1_0.metric_type,
        kr1_0.name,
        kr1_0.progress,
        kr1_0.threshold_below,
        kr1_0.threshold_exceptional,
        kr1_0.threshold_good,
        kr1_0.threshold_meets,
        kr1_0.threshold_very_good,
        kr1_0.unit,
        kr1_0.weight,
        o1_0.level,
        o1_0.name,
        o1_0.weight 
    from
        objectives o1_0 
    left join
        key_results kr1_0 
            on o1_0.id=kr1_0.objective_id 
    where
        o1_0.division_id=? 
    order by
        kr1_0.id
2026-03-17 14:42:47.426 TRACE [http-nio-8080-exec-3] org.hibernate.orm.jdbc.bind - binding parameter (1:VARCHAR) <- [d3d86513-b37c-4e0a-9232-7fcf7f8e940e]
2026-03-17 14:42:47.426 TRACE [http-nio-8080-exec-9] org.hibernate.orm.jdbc.bind - binding parameter (1:VARCHAR) <- [8d8fbd4a-7e13-454c-bb19-5f135fa6242d]
2026-03-17 14:42:47.426 DEBUG [http-nio-8080-exec-3] u.g.o.s.ScoreCalculationService - Calculating score for KR 'Внедрение новых технологий (шт)': actual=7.0, type=HIGHER_BETTER, thresholds=[below=2.0, meets=4.0, good=6.0, veryGood=8.0, exceptional=10.0]
2026-03-17 14:42:47.426 DEBUG [http-nio-8080-exec-3] u.g.o.s.ScoreCalculationService - KR 'Внедрение новых технологий (шт)' score result: score=0.69, level=на_уровне_ожиданий
2026-03-17 14:42:47.426 DEBUG [http-nio-8080-exec-3] u.g.o.s.ScoreCalculationService - Calculating score for KR 'Аптайм критичных систем (%)': actual=99.6, type=HIGHER_BETTER, thresholds=[below=95.0, meets=97.0, good=99.0, veryGood=99.5, exceptional=99.9]
2026-03-17 14:42:47.426 DEBUG [http-nio-8080-exec-3] u.g.o.s.ScoreCalculationService - KR 'Аптайм критичных систем (%)' score result: score=0.89, level=превышает_ожидания
2026-03-17 14:42:47.426 DEBUG [http-nio-8080-exec-3] u.g.o.s.ScoreCalculationService - Calculating score for KR 'Внедрение новых технологий (шт)': actual=7.0, type=HIGHER_BETTER, thresholds=[below=2.0, meets=4.0, good=6.0, veryGood=8.0, exceptional=10.0]
2026-03-17 14:42:47.426 DEBUG [http-nio-8080-exec-3] u.g.o.s.ScoreCalculationService - KR 'Внедрение новых технологий (шт)' score result: score=0.69, level=на_уровне_ожиданий
2026-03-17 14:42:47.426 DEBUG [http-nio-8080-exec-3] u.g.o.s.ScoreCalculationService - Calculating score for KR 'Аптайм критичных систем (%)': actual=99.6, type=HIGHER_BETTER, thresholds=[below=95.0, meets=97.0, good=99.0, veryGood=99.5, exceptional=99.9]
2026-03-17 14:42:47.427 DEBUG [http-nio-8080-exec-3] u.g.o.s.ScoreCalculationService - KR 'Аптайм критичных систем (%)' score result: score=0.89, level=превышает_ожидания
2026-03-17 14:42:47.427 DEBUG [http-nio-8080-exec-3] u.g.o.s.ScoreCalculationService - Calculating score for KR 'Время восстановления после сбоев (ч)': actual=1.5, type=LOWER_BETTER, thresholds=[below=8.0, meets=4.0, good=2.0, veryGood=1.0, exceptional=0.5]
2026-03-17 14:42:47.427 DEBUG [http-nio-8080-exec-3] u.g.o.s.ScoreCalculationService - KR 'Время восстановления после сбоев (ч)' score result: score=0.69, level=на_уровне_ожиданий
2026-03-17 14:42:47.427 DEBUG [http-nio-8080-exec-3] u.g.o.s.ScoreCalculationService - Calculating score for KR 'Количество инцидентов (кол-во)': actual=5.0, type=LOWER_BETTER, thresholds=[below=20.0, meets=12.0, good=6.0, veryGood=3.0, exceptional=0.0]
2026-03-17 14:42:47.427 DEBUG [http-nio-8080-exec-3] u.g.o.s.ScoreCalculationService - KR 'Количество инцидентов (кол-во)' score result: score=0.63, level=на_уровне_ожиданий
2026-03-17 14:42:47.427 DEBUG [http-nio-8080-exec-3] u.g.o.s.ScoreCalculationService - Calculating score for KR 'Время восстановления после сбоев (ч)': actual=1.5, type=LOWER_BETTER, thresholds=[below=8.0, meets=4.0, good=2.0, veryGood=1.0, exceptional=0.5]
2026-03-17 14:42:47.427 DEBUG [http-nio-8080-exec-3] u.g.o.s.ScoreCalculationService - KR 'Время восстановления после сбоев (ч)' score result: score=0.69, level=на_уровне_ожиданий
2026-03-17 14:42:47.427 DEBUG [http-nio-8080-exec-3] u.g.o.s.ScoreCalculationService - Calculating score for KR 'Количество инцидентов (кол-во)': actual=5.0, type=LOWER_BETTER, thresholds=[below=20.0, meets=12.0, good=6.0, veryGood=3.0, exceptional=0.0]
2026-03-17 14:42:47.427 DEBUG [http-nio-8080-exec-3] u.g.o.s.ScoreCalculationService - KR 'Количество инцидентов (кол-во)' score result: score=0.63, level=на_уровне_ожиданий
2026-03-17 14:42:47.427 DEBUG [http-nio-8080-exec-3] u.g.o.s.ScoreCalculationService - Calculating score for KR 'Внедрение новых технологий (шт)': actual=7.0, type=HIGHER_BETTER, thresholds=[below=2.0, meets=4.0, good=6.0, veryGood=8.0, exceptional=10.0]
2026-03-17 14:42:47.427 DEBUG [http-nio-8080-exec-3] u.g.o.s.ScoreCalculationService - KR 'Внедрение новых технологий (шт)' score result: score=0.69, level=на_уровне_ожиданий
2026-03-17 14:42:47.427 DEBUG [http-nio-8080-exec-3] u.g.o.s.ScoreCalculationService - Calculating score for KR 'Аптайм критичных систем (%)': actual=99.6, type=HIGHER_BETTER, thresholds=[below=95.0, meets=97.0, good=99.0, veryGood=99.5, exceptional=99.9]
2026-03-17 14:42:47.427 DEBUG [http-nio-8080-exec-3] u.g.o.s.ScoreCalculationService - KR 'Аптайм критичных систем (%)' score result: score=0.89, level=превышает_ожидания
2026-03-17 14:42:47.427 DEBUG [http-nio-8080-exec-3] u.g.o.s.ScoreCalculationService - Calculating score for KR 'Время восстановления после сбоев (ч)': actual=1.5, type=LOWER_BETTER, thresholds=[below=8.0, meets=4.0, good=2.0, veryGood=1.0, exceptional=0.5]
2026-03-17 14:42:47.427 DEBUG [http-nio-8080-exec-3] u.g.o.s.ScoreCalculationService - KR 'Время восстановления после сбоев (ч)' score result: score=0.69, level=на_уровне_ожиданий
2026-03-17 14:42:47.427 DEBUG [http-nio-8080-exec-3] u.g.o.s.ScoreCalculationService - Calculating score for KR 'Количество инцидентов (кол-во)': actual=5.0, type=LOWER_BETTER, thresholds=[below=20.0, meets=12.0, good=6.0, veryGood=3.0, exceptional=0.0]
2026-03-17 14:42:47.427 DEBUG [http-nio-8080-exec-3] u.g.o.s.ScoreCalculationService - KR 'Количество инцидентов (кол-во)' score result: score=0.63, level=на_уровне_ожиданий
2026-03-17 14:42:47.429 DEBUG [http-nio-8080-exec-9] org.hibernate.SQL - 
    select
        og1_0.id,
        og1_0.created_at,
        og1_0.department_id,
        og1_0.leader_id,
        m1_0.group_id,
        m1_1.id,
        m1_1.bio,
        m1_1.can_edit_assigned_departments,
        m1_1.created_at,
        m1_1.email,
        m1_1.full_name,
        m1_1.is_active,
        m1_1.job_title,
        m1_1.last_login,
        m1_1.password,
        m1_1.phone_number,
        m1_1.profile_photo_url,
        m1_1.read_only,
        m1_1.role,
        m1_1.updated_at,
        m1_1.username,
        og1_0.name,
        og1_0.updated_at 
    from
        org_groups og1_0 
    left join
        group_members m1_0 
            on og1_0.id=m1_0.group_id 
    left join
        users m1_1 
            on m1_1.id=m1_0.user_id 
    where
        og1_0.id=?
2026-03-17 14:42:47.429 TRACE [http-nio-8080-exec-9] org.hibernate.orm.jdbc.bind - binding parameter (1:VARCHAR) <- [e6ee2b36-88ec-468c-925b-1940be20c6b1]
2026-03-17 14:42:47.430 DEBUG [http-nio-8080-exec-9] u.g.o.s.ScoreCalculationService - Calculating score for KR 'Выдано кредитов (млрд сум)': actual=58.0, type=HIGHER_BETTER, thresholds=[below=20.0, meets=35.0, good=50.0, veryGood=65.0, exceptional=80.0]
2026-03-17 14:42:47.430 DEBUG [http-nio-8080-exec-9] u.g.o.s.ScoreCalculationService - KR 'Выдано кредитов (млрд сум)' score result: score=0.7, level=на_уровне_ожиданий
2026-03-17 14:42:47.430 DEBUG [http-nio-8080-exec-9] u.g.o.s.ScoreCalculationService - Calculating score for KR 'Средний чек кредита (млн сум)': actual=14.0, type=HIGHER_BETTER, thresholds=[below=5.0, meets=8.0, good=12.0, veryGood=16.0, exceptional=20.0]
2026-03-17 14:42:47.430 DEBUG [http-nio-8080-exec-9] u.g.o.s.ScoreCalculationService - KR 'Средний чек кредита (млн сум)' score result: score=0.69, level=на_уровне_ожиданий
2026-03-17 14:42:47.431 DEBUG [http-nio-8080-exec-9] u.g.o.s.ScoreCalculationService - Calculating score for KR 'Выдано кредитов (млрд сум)': actual=58.0, type=HIGHER_BETTER, thresholds=[below=20.0, meets=35.0, good=50.0, veryGood=65.0, exceptional=80.0]
2026-03-17 14:42:47.431 DEBUG [http-nio-8080-exec-9] u.g.o.s.ScoreCalculationService - KR 'Выдано кредитов (млрд сум)' score result: score=0.7, level=на_уровне_ожиданий
2026-03-17 14:42:47.431 DEBUG [http-nio-8080-exec-9] u.g.o.s.ScoreCalculationService - Calculating score for KR 'Средний чек кредита (млн сум)': actual=14.0, type=HIGHER_BETTER, thresholds=[below=5.0, meets=8.0, good=12.0, veryGood=16.0, exceptional=20.0]
2026-03-17 14:42:47.431 DEBUG [http-nio-8080-exec-9] u.g.o.s.ScoreCalculationService - KR 'Средний чек кредита (млн сум)' score result: score=0.69, level=на_уровне_ожиданий
2026-03-17 14:42:47.431 DEBUG [http-nio-8080-exec-9] u.g.o.s.ScoreCalculationService - Calculating score for KR 'Доля просрочки в группе (%)': actual=2.2, type=LOWER_BETTER, thresholds=[below=8.0, meets=5.0, good=3.0, veryGood=1.5, exceptional=0.5]
2026-03-17 14:42:47.431 DEBUG [http-nio-8080-exec-9] u.g.o.s.ScoreCalculationService - KR 'Доля просрочки в группе (%)' score result: score=0.7, level=на_уровне_ожиданий
2026-03-17 14:42:47.431 DEBUG [http-nio-8080-exec-9] u.g.o.s.ScoreCalculationService - Calculating score for KR 'Доля просрочки в группе (%)': actual=2.2, type=LOWER_BETTER, thresholds=[below=8.0, meets=5.0, good=3.0, veryGood=1.5, exceptional=0.5]
2026-03-17 14:42:47.431 DEBUG [http-nio-8080-exec-9] u.g.o.s.ScoreCalculationService - KR 'Доля просрочки в группе (%)' score result: score=0.7, level=на_уровне_ожиданий
2026-03-17 14:42:47.431 DEBUG [http-nio-8080-exec-9] u.g.o.s.ScoreCalculationService - Calculating score for KR 'Выдано кредитов (млрд сум)': actual=58.0, type=HIGHER_BETTER, thresholds=[below=20.0, meets=35.0, good=50.0, veryGood=65.0, exceptional=80.0]
2026-03-17 14:42:47.431 DEBUG [http-nio-8080-exec-9] u.g.o.s.ScoreCalculationService - KR 'Выдано кредитов (млрд сум)' score result: score=0.7, level=на_уровне_ожиданий
2026-03-17 14:42:47.431 DEBUG [http-nio-8080-exec-9] u.g.o.s.ScoreCalculationService - Calculating score for KR 'Средний чек кредита (млн сум)': actual=14.0, type=HIGHER_BETTER, thresholds=[below=5.0, meets=8.0, good=12.0, veryGood=16.0, exceptional=20.0]
2026-03-17 14:42:47.431 DEBUG [http-nio-8080-exec-9] u.g.o.s.ScoreCalculationService - KR 'Средний чек кредита (млн сум)' score result: score=0.69, level=на_уровне_ожиданий
2026-03-17 14:42:47.431 DEBUG [http-nio-8080-exec-9] u.g.o.s.ScoreCalculationService - Calculating score for KR 'Доля просрочки в группе (%)': actual=2.2, type=LOWER_BETTER, thresholds=[below=8.0, meets=5.0, good=3.0, veryGood=1.5, exceptional=0.5]
2026-03-17 14:42:47.431 DEBUG [http-nio-8080-exec-9] u.g.o.s.ScoreCalculationService - KR 'Доля просрочки в группе (%)' score result: score=0.7, level=на_уровне_ожиданий
2026-03-17 14:42:47.431 DEBUG [http-nio-8080-exec-9] org.hibernate.SQL - 
    select
        og1_0.id,
        og1_0.created_at,
        og1_0.department_id,
        og1_0.leader_id,
        m1_0.group_id,
        m1_1.id,
        m1_1.bio,
        m1_1.can_edit_assigned_departments,
        m1_1.created_at,
        m1_1.email,
        m1_1.full_name,
        m1_1.is_active,
        m1_1.job_title,
        m1_1.last_login,
        m1_1.password,
        m1_1.phone_number,
        m1_1.profile_photo_url,
        m1_1.read_only,
        m1_1.role,
        m1_1.updated_at,
        m1_1.username,
        og1_0.name,
        og1_0.updated_at 
    from
        org_groups og1_0 
    left join
        group_members m1_0 
            on og1_0.id=m1_0.group_id 
    left join
        users m1_1 
            on m1_1.id=m1_0.user_id 
    where
        og1_0.id=?
2026-03-17 14:42:47.431 TRACE [http-nio-8080-exec-9] org.hibernate.orm.jdbc.bind - binding parameter (1:VARCHAR) <- [15d1f948-2c68-4281-85f6-79c38fdae6aa]
2026-03-17 14:42:47.434 DEBUG [http-nio-8080-exec-9] org.hibernate.SQL - 
    select
        distinct u1_0.id,
        ad1_0.user_id,
        ad1_1.id,
        ad1_1.created_at,
        ad1_1.leader_id,
        ad1_1.division_id,
        ad1_1.name,
        ad1_1.updated_at,
        u1_0.bio,
        u1_0.can_edit_assigned_departments,
        u1_0.created_at,
        u1_0.email,
        u1_0.full_name,
        u1_0.is_active,
        u1_0.job_title,
        u1_0.last_login,
        u1_0.password,
        u1_0.phone_number,
        u1_0.profile_photo_url,
        u1_0.read_only,
        u1_0.role,
        u1_0.updated_at,
        u1_0.username 
    from
        users u1_0 
    left join
        user_departments ad1_0 
            on u1_0.id=ad1_0.user_id 
    left join
        department ad1_1 
            on ad1_1.id=ad1_0.department_id 
    where
        u1_0.id in (select
            u2_0.id from users u2_0 
        join
            user_departments ad2_0 
                on u2_0.id=ad2_0.user_id 
        where
            ad2_0.department_id=?)
2026-03-17 14:42:47.434 INFO  [http-nio-8080-exec-3] u.g.o.config.RequestLoggingFilter - GET /api/divisions 200 (42ms)
2026-03-17 14:42:47.435 TRACE [http-nio-8080-exec-9] org.hibernate.orm.jdbc.bind - binding parameter (1:VARCHAR) <- [8d8fbd4a-7e13-454c-bb19-5f135fa6242d]
2026-03-17 14:42:47.437 DEBUG [http-nio-8080-exec-9] u.g.o.s.ScoreCalculationService - Calculating score for KR 'Объём выданных потребительских кредитов (млрд сум)': actual=118.0, type=HIGHER_BETTER, thresholds=[below=50.0, meets=70.0, good=90.0, veryGood=110.0, exceptional=130.0]
2026-03-17 14:42:47.437 DEBUG [http-nio-8080-exec-9] u.g.o.s.ScoreCalculationService - KR 'Объём выданных потребительских кредитов (млрд сум)' score result: score=0.92, level=превышает_ожидания
2026-03-17 14:42:47.437 DEBUG [http-nio-8080-exec-9] u.g.o.s.ScoreCalculationService - Calculating score for KR 'Количество новых заёмщиков за квартал': actual=1350.0, type=HIGHER_BETTER, thresholds=[below=500.0, meets=800.0, good=1100.0, veryGood=1400.0, exceptional=1700.0]
2026-03-17 14:42:47.437 DEBUG [http-nio-8080-exec-9] u.g.o.s.ScoreCalculationService - KR 'Количество новых заёмщиков за квартал' score result: score=0.8, level=на_уровне_ожиданий
2026-03-17 14:42:47.437 DEBUG [http-nio-8080-exec-9] u.g.o.s.ScoreCalculationService - Calculating score for KR 'Доля просроченной задолженности (%)': actual=1.8, type=LOWER_BETTER, thresholds=[below=8.0, meets=5.0, good=3.0, veryGood=1.5, exceptional=0.5]
2026-03-17 14:42:47.437 DEBUG [http-nio-8080-exec-9] u.g.o.s.ScoreCalculationService - KR 'Доля просроченной задолженности (%)' score result: score=0.79, level=на_уровне_ожиданий
2026-03-17 14:42:47.438 DEBUG [http-nio-8080-exec-9] u.g.o.s.ScoreCalculationService - Calculating score for KR 'Новые активные клиенты (тыс. чел)': actual=7.2, type=HIGHER_BETTER, thresholds=[below=2.0, meets=3.5, good=5.0, veryGood=7.0, exceptional=10.0]
2026-03-17 14:42:47.438 DEBUG [http-nio-8080-exec-9] u.g.o.s.ScoreCalculationService - KR 'Новые активные клиенты (тыс. чел)' score result: score=0.87, level=превышает_ожидания
2026-03-17 14:42:47.438 DEBUG [http-nio-8080-exec-9] u.g.o.s.ScoreCalculationService - Calculating score for KR 'Уровень удержания клиентов (%)': actual=91.0, type=HIGHER_BETTER, thresholds=[below=70.0, meets=80.0, good=88.0, veryGood=94.0, exceptional=100.0]
2026-03-17 14:42:47.438 DEBUG [http-nio-8080-exec-9] u.g.o.s.ScoreCalculationService - KR 'Уровень удержания клиентов (%)' score result: score=0.69, level=на_уровне_ожиданий
2026-03-17 14:42:47.438 DEBUG [http-nio-8080-exec-9] u.g.o.s.ScoreCalculationService - Calculating score for KR 'Время обработки заявки на кредит (часы)': actual=4.0, type=LOWER_BETTER, thresholds=[below=24.0, meets=12.0, good=6.0, veryGood=3.0, exceptional=1.0]
2026-03-17 14:42:47.438 DEBUG [http-nio-8080-exec-9] u.g.o.s.ScoreCalculationService - KR 'Время обработки заявки на кредит (часы)' score result: score=0.74, level=на_уровне_ожиданий
2026-03-17 14:42:47.438 DEBUG [http-nio-8080-exec-9] u.g.o.s.ScoreCalculationService - Calculating score for KR 'Конверсия заявок на кредит онлайн (%)': actual=33.0, type=HIGHER_BETTER, thresholds=[below=15.0, meets=22.0, good=30.0, veryGood=38.0, exceptional=45.0]
2026-03-17 14:42:47.438 DEBUG [http-nio-8080-exec-9] u.g.o.s.ScoreCalculationService - KR 'Конверсия заявок на кредит онлайн (%)' score result: score=0.64, level=на_уровне_ожиданий
2026-03-17 14:42:47.438 DEBUG [http-nio-8080-exec-9] u.g.o.s.ScoreCalculationService - Calculating score for KR 'Доля продаж через мобильное приложение (%)': actual=58.0, type=HIGHER_BETTER, thresholds=[below=20.0, meets=35.0, good=50.0, veryGood=65.0, exceptional=80.0]
2026-03-17 14:42:47.438 DEBUG [http-nio-8080-exec-9] u.g.o.s.ScoreCalculationService - KR 'Доля продаж через мобильное приложение (%)' score result: score=0.7, level=на_уровне_ожиданий
2026-03-17 14:42:47.438 DEBUG [http-nio-8080-exec-9] u.g.o.s.ScoreCalculationService - Calculating score for KR 'Объём выданных потребительских кредитов (млрд сум)': actual=118.0, type=HIGHER_BETTER, thresholds=[below=50.0, meets=70.0, good=90.0, veryGood=110.0, exceptional=130.0]
2026-03-17 14:42:47.438 DEBUG [http-nio-8080-exec-9] u.g.o.s.ScoreCalculationService - KR 'Объём выданных потребительских кредитов (млрд сум)' score result: score=0.92, level=превышает_ожидания
2026-03-17 14:42:47.438 DEBUG [http-nio-8080-exec-9] u.g.o.s.ScoreCalculationService - Calculating score for KR 'Количество новых заёмщиков за квартал': actual=1350.0, type=HIGHER_BETTER, thresholds=[below=500.0, meets=800.0, good=1100.0, veryGood=1400.0, exceptional=1700.0]
2026-03-17 14:42:47.438 DEBUG [http-nio-8080-exec-9] u.g.o.s.ScoreCalculationService - KR 'Количество новых заёмщиков за квартал' score result: score=0.8, level=на_уровне_ожиданий
2026-03-17 14:42:47.438 DEBUG [http-nio-8080-exec-9] u.g.o.s.ScoreCalculationService - Calculating score for KR 'Доля просроченной задолженности (%)': actual=1.8, type=LOWER_BETTER, thresholds=[below=8.0, meets=5.0, good=3.0, veryGood=1.5, exceptional=0.5]
2026-03-17 14:42:47.438 DEBUG [http-nio-8080-exec-9] u.g.o.s.ScoreCalculationService - KR 'Доля просроченной задолженности (%)' score result: score=0.79, level=на_уровне_ожиданий
2026-03-17 14:42:47.438 DEBUG [http-nio-8080-exec-9] u.g.o.s.ScoreCalculationService - Calculating score for KR 'Новые активные клиенты (тыс. чел)': actual=7.2, type=HIGHER_BETTER, thresholds=[below=2.0, meets=3.5, good=5.0, veryGood=7.0, exceptional=10.0]
2026-03-17 14:42:47.438 DEBUG [http-nio-8080-exec-9] u.g.o.s.ScoreCalculationService - KR 'Новые активные клиенты (тыс. чел)' score result: score=0.87, level=превышает_ожидания
2026-03-17 14:42:47.438 DEBUG [http-nio-8080-exec-9] u.g.o.s.ScoreCalculationService - Calculating score for KR 'Уровень удержания клиентов (%)': actual=91.0, type=HIGHER_BETTER, thresholds=[below=70.0, meets=80.0, good=88.0, veryGood=94.0, exceptional=100.0]
2026-03-17 14:42:47.438 DEBUG [http-nio-8080-exec-9] u.g.o.s.ScoreCalculationService - KR 'Уровень удержания клиентов (%)' score result: score=0.69, level=на_уровне_ожиданий
2026-03-17 14:42:47.438 DEBUG [http-nio-8080-exec-9] u.g.o.s.ScoreCalculationService - Calculating score for KR 'Время обработки заявки на кредит (часы)': actual=4.0, type=LOWER_BETTER, thresholds=[below=24.0, meets=12.0, good=6.0, veryGood=3.0, exceptional=1.0]
2026-03-17 14:42:47.438 DEBUG [http-nio-8080-exec-9] u.g.o.s.ScoreCalculationService - KR 'Время обработки заявки на кредит (часы)' score result: score=0.74, level=на_уровне_ожиданий
2026-03-17 14:42:47.438 DEBUG [http-nio-8080-exec-9] u.g.o.s.ScoreCalculationService - Calculating score for KR 'Конверсия заявок на кредит онлайн (%)': actual=33.0, type=HIGHER_BETTER, thresholds=[below=15.0, meets=22.0, good=30.0, veryGood=38.0, exceptional=45.0]
2026-03-17 14:42:47.438 DEBUG [http-nio-8080-exec-9] u.g.o.s.ScoreCalculationService - KR 'Конверсия заявок на кредит онлайн (%)' score result: score=0.64, level=на_уровне_ожиданий
2026-03-17 14:42:47.438 DEBUG [http-nio-8080-exec-9] u.g.o.s.ScoreCalculationService - Calculating score for KR 'Доля продаж через мобильное приложение (%)': actual=58.0, type=HIGHER_BETTER, thresholds=[below=20.0, meets=35.0, good=50.0, veryGood=65.0, exceptional=80.0]
2026-03-17 14:42:47.438 DEBUG [http-nio-8080-exec-9] u.g.o.s.ScoreCalculationService - KR 'Доля продаж через мобильное приложение (%)' score result: score=0.7, level=на_уровне_ожиданий
2026-03-17 14:42:47.438 INFO  [http-nio-8080-exec-9] u.g.o.s.ScoreCalculationService - Fetching evaluations for targetType=DEPARTMENT, targetId=8d8fbd4a-7e13-454c-bb19-5f135fa6242d
2026-03-17 14:42:47.439 DEBUG [http-nio-8080-exec-9] org.hibernate.SQL - 
    select
        e1_0.id,
        e1_0.comment,
        e1_0.created_at,
        e1_0.evaluator_id,
        e1_0.evaluator_type,
        e1_0.letter_rating,
        e1_0.numeric_rating,
        e1_0.status,
        e1_0.submitted_at,
        e1_0.target_id,
        e1_0.target_type,
        e1_0.updated_at 
    from
        evaluations e1_0 
    where
        e1_0.target_type=? 
        and e1_0.target_id=? 
        and e1_0.status=?
2026-03-17 14:42:47.440 TRACE [http-nio-8080-exec-9] org.hibernate.orm.jdbc.bind - binding parameter (1:VARCHAR) <- [DEPARTMENT]
2026-03-17 14:42:47.440 TRACE [http-nio-8080-exec-9] org.hibernate.orm.jdbc.bind - binding parameter (2:UUID) <- [8d8fbd4a-7e13-454c-bb19-5f135fa6242d]
2026-03-17 14:42:47.440 TRACE [http-nio-8080-exec-9] org.hibernate.orm.jdbc.bind - binding parameter (3:ENUM) <- [SUBMITTED]
2026-03-17 14:42:47.440 INFO  [http-nio-8080-exec-9] u.g.o.s.ScoreCalculationService - Found 0 submitted evaluations for targetId=8d8fbd4a-7e13-454c-bb19-5f135fa6242d
2026-03-17 14:42:47.441 DEBUG [http-nio-8080-exec-9] u.g.o.s.ScoreCalculationService - Calculating score for KR 'NPS (Net Promoter Score)': actual=47.0, type=HIGHER_BETTER, thresholds=[below=20.0, meets=35.0, good=50.0, veryGood=65.0, exceptional=80.0]
2026-03-17 14:42:47.441 DEBUG [http-nio-8080-exec-9] u.g.o.s.ScoreCalculationService - KR 'NPS (Net Promoter Score)' score result: score=0.47, level=ниже_ожиданий
2026-03-17 14:42:47.441 DEBUG [http-nio-8080-exec-9] u.g.o.s.ScoreCalculationService - Calculating score for KR 'Доля жалоб, решённых с первого обращения (%)': actual=72.0, type=HIGHER_BETTER, thresholds=[below=50.0, meets=65.0, good=75.0, veryGood=85.0, exceptional=95.0]
2026-03-17 14:42:47.441 DEBUG [http-nio-8080-exec-9] u.g.o.s.ScoreCalculationService - KR 'Доля жалоб, решённых с первого обращения (%)' score result: score=0.45, level=ниже_ожиданий
2026-03-17 14:42:47.441 DEBUG [http-nio-8080-exec-9] u.g.o.s.ScoreCalculationService - Calculating score for KR 'Среднее время ожидания в очереди (мин)': actual=7.0, type=LOWER_BETTER, thresholds=[below=15.0, meets=10.0, good=6.0, veryGood=3.0, exceptional=1.0]
2026-03-17 14:42:47.441 DEBUG [http-nio-8080-exec-9] u.g.o.s.ScoreCalculationService - KR 'Среднее время ожидания в очереди (мин)' score result: score=0.46, level=ниже_ожиданий
2026-03-17 14:42:47.441 DEBUG [http-nio-8080-exec-9] u.g.o.s.ScoreCalculationService - Calculating score for KR 'NPS (Net Promoter Score)': actual=47.0, type=HIGHER_BETTER, thresholds=[below=20.0, meets=35.0, good=50.0, veryGood=65.0, exceptional=80.0]
2026-03-17 14:42:47.441 DEBUG [http-nio-8080-exec-9] u.g.o.s.ScoreCalculationService - KR 'NPS (Net Promoter Score)' score result: score=0.47, level=ниже_ожиданий
2026-03-17 14:42:47.441 DEBUG [http-nio-8080-exec-9] u.g.o.s.ScoreCalculationService - Calculating score for KR 'Доля жалоб, решённых с первого обращения (%)': actual=72.0, type=HIGHER_BETTER, thresholds=[below=50.0, meets=65.0, good=75.0, veryGood=85.0, exceptional=95.0]
2026-03-17 14:42:47.441 DEBUG [http-nio-8080-exec-9] u.g.o.s.ScoreCalculationService - KR 'Доля жалоб, решённых с первого обращения (%)' score result: score=0.45, level=ниже_ожиданий
2026-03-17 14:42:47.441 DEBUG [http-nio-8080-exec-9] u.g.o.s.ScoreCalculationService - Calculating score for KR 'Среднее время ожидания в очереди (мин)': actual=7.0, type=LOWER_BETTER, thresholds=[below=15.0, meets=10.0, good=6.0, veryGood=3.0, exceptional=1.0]
2026-03-17 14:42:47.441 DEBUG [http-nio-8080-exec-9] u.g.o.s.ScoreCalculationService - KR 'Среднее время ожидания в очереди (мин)' score result: score=0.46, level=ниже_ожиданий
2026-03-17 14:42:47.441 DEBUG [http-nio-8080-exec-9] u.g.o.s.ScoreCalculationService - Calculating score for KR 'Доля отвеченных звонков в течение 30 сек (%)': actual=76.0, type=HIGHER_BETTER, thresholds=[below=60.0, meets=72.0, good=82.0, veryGood=90.0, exceptional=98.0]
2026-03-17 14:42:47.441 DEBUG [http-nio-8080-exec-9] u.g.o.s.ScoreCalculationService - KR 'Доля отвеченных звонков в течение 30 сек (%)' score result: score=0.39, level=ниже_ожиданий
2026-03-17 14:42:47.441 DEBUG [http-nio-8080-exec-9] u.g.o.s.ScoreCalculationService - Calculating score for KR 'Среднее время обработки звонка (сек)': actual=155.0, type=LOWER_BETTER, thresholds=[below=300.0, meets=240.0, good=180.0, veryGood=120.0, exceptional=90.0]
2026-03-17 14:42:47.441 DEBUG [http-nio-8080-exec-9] u.g.o.s.ScoreCalculationService - KR 'Среднее время обработки звонка (сек)' score result: score=0.66, level=на_уровне_ожиданий
2026-03-17 14:42:47.441 DEBUG [http-nio-8080-exec-9] u.g.o.s.ScoreCalculationService - Calculating score for KR 'Доля отвеченных звонков в течение 30 сек (%)': actual=76.0, type=HIGHER_BETTER, thresholds=[below=60.0, meets=72.0, good=82.0, veryGood=90.0, exceptional=98.0]
2026-03-17 14:42:47.441 DEBUG [http-nio-8080-exec-9] u.g.o.s.ScoreCalculationService - KR 'Доля отвеченных звонков в течение 30 сек (%)' score result: score=0.39, level=ниже_ожиданий
2026-03-17 14:42:47.442 DEBUG [http-nio-8080-exec-9] u.g.o.s.ScoreCalculationService - Calculating score for KR 'Среднее время обработки звонка (сек)': actual=155.0, type=LOWER_BETTER, thresholds=[below=300.0, meets=240.0, good=180.0, veryGood=120.0, exceptional=90.0]
2026-03-17 14:42:47.442 DEBUG [http-nio-8080-exec-9] u.g.o.s.ScoreCalculationService - KR 'Среднее время обработки звонка (сек)' score result: score=0.66, level=на_уровне_ожиданий
2026-03-17 14:42:47.442 DEBUG [http-nio-8080-exec-9] u.g.o.s.ScoreCalculationService - Calculating score for KR 'Прохождение сертификации сотрудниками (%)': actual=60.0, type=HIGHER_BETTER, thresholds=[below=40.0, meets=60.0, good=75.0, veryGood=88.0, exceptional=100.0]
2026-03-17 14:42:47.442 DEBUG [http-nio-8080-exec-9] u.g.o.s.ScoreCalculationService - KR 'Прохождение сертификации сотрудниками (%)' score result: score=0.31, level=ниже_ожиданий
2026-03-17 14:42:47.442 DEBUG [http-nio-8080-exec-9] u.g.o.s.ScoreCalculationService - Calculating score for KR 'Прохождение сертификации сотрудниками (%)': actual=60.0, type=HIGHER_BETTER, thresholds=[below=40.0, meets=60.0, good=75.0, veryGood=88.0, exceptional=100.0]
2026-03-17 14:42:47.442 DEBUG [http-nio-8080-exec-9] u.g.o.s.ScoreCalculationService - KR 'Прохождение сертификации сотрудниками (%)' score result: score=0.31, level=ниже_ожиданий
2026-03-17 14:42:47.442 DEBUG [http-nio-8080-exec-9] org.hibernate.SQL - 
    select
        og1_0.id,
        og1_0.created_at,
        og1_0.department_id,
        og1_0.leader_id,
        og1_0.name,
        o1_0.group_id,
        o1_0.id,
        o1_0.created_at,
        o1_0.department_id,
        o1_0.division_id,
        o1_0.employee_id,
        kr1_0.objective_id,
        kr1_0.id,
        kr1_0.active,
        kr1_0.actual_value,
        kr1_0.attachment_file_name,
        kr1_0.attachment_url,
        kr1_0.description,
        kr1_0.metric_type,
        kr1_0.name,
        kr1_0.progress,
        kr1_0.threshold_below,
        kr1_0.threshold_exceptional,
        kr1_0.threshold_good,
        kr1_0.threshold_meets,
        kr1_0.threshold_very_good,
        kr1_0.unit,
        kr1_0.weight,
        o1_0.level,
        o1_0.name,
        o1_0.weight,
        og1_0.updated_at 
    from
        org_groups og1_0 
    left join
        objectives o1_0 
            on og1_0.id=o1_0.group_id 
    left join
        key_results kr1_0 
            on o1_0.id=kr1_0.objective_id 
    where
        og1_0.department_id=? 
    order by
        o1_0.created_at,
        kr1_0.id
2026-03-17 14:42:47.442 TRACE [http-nio-8080-exec-9] org.hibernate.orm.jdbc.bind - binding parameter (1:VARCHAR) <- [b399ea82-5e83-4549-98cb-edb09fde4b06]
2026-03-17 14:42:47.443 DEBUG [http-nio-8080-exec-9] org.hibernate.SQL - 
    select
        og1_0.id,
        og1_0.created_at,
        og1_0.department_id,
        og1_0.leader_id,
        m1_0.group_id,
        m1_1.id,
        m1_1.bio,
        m1_1.can_edit_assigned_departments,
        m1_1.created_at,
        m1_1.email,
        m1_1.full_name,
        m1_1.is_active,
        m1_1.job_title,
        m1_1.last_login,
        m1_1.password,
        m1_1.phone_number,
        m1_1.profile_photo_url,
        m1_1.read_only,
        m1_1.role,
        m1_1.updated_at,
        m1_1.username,
        og1_0.name,
        og1_0.updated_at 
    from
        org_groups og1_0 
    left join
        group_members m1_0 
            on og1_0.id=m1_0.group_id 
    left join
        users m1_1 
            on m1_1.id=m1_0.user_id 
    where
        og1_0.id=?
2026-03-17 14:42:47.443 TRACE [http-nio-8080-exec-9] org.hibernate.orm.jdbc.bind - binding parameter (1:VARCHAR) <- [6f245205-fd95-476c-94f8-4f229a405033]
2026-03-17 14:42:47.443 DEBUG [http-nio-8080-exec-9] u.g.o.s.ScoreCalculationService - Calculating score for KR 'Уровень обслуживания (% звонков < 30 сек)': actual=78.0, type=HIGHER_BETTER, thresholds=[below=60.0, meets=72.0, good=82.0, veryGood=90.0, exceptional=98.0]
2026-03-17 14:42:47.443 DEBUG [http-nio-8080-exec-9] u.g.o.s.ScoreCalculationService - KR 'Уровень обслуживания (% звонков < 30 сек)' score result: score=0.43, level=ниже_ожиданий
2026-03-17 14:42:47.443 DEBUG [http-nio-8080-exec-9] u.g.o.s.ScoreCalculationService - Calculating score for KR 'Удовлетворённость клиентов колл-центра (%)': actual=75.0, type=HIGHER_BETTER, thresholds=[below=60.0, meets=70.0, good=80.0, veryGood=88.0, exceptional=95.0]
2026-03-17 14:42:47.443 DEBUG [http-nio-8080-exec-9] u.g.o.s.ScoreCalculationService - KR 'Удовлетворённость клиентов колл-центра (%)' score result: score=0.41, level=ниже_ожиданий
2026-03-17 14:42:47.443 DEBUG [http-nio-8080-exec-9] u.g.o.s.ScoreCalculationService - Calculating score for KR 'Среднее время обработки звонка (сек)': actual=160.0, type=LOWER_BETTER, thresholds=[below=300.0, meets=240.0, good=180.0, veryGood=120.0, exceptional=90.0]
2026-03-17 14:42:47.443 DEBUG [http-nio-8080-exec-9] u.g.o.s.ScoreCalculationService - KR 'Среднее время обработки звонка (сек)' score result: score=0.63, level=на_уровне_ожиданий
2026-03-17 14:42:47.443 DEBUG [http-nio-8080-exec-9] u.g.o.s.ScoreCalculationService - Calculating score for KR 'Уровень обслуживания (% звонков < 30 сек)': actual=78.0, type=HIGHER_BETTER, thresholds=[below=60.0, meets=72.0, good=82.0, veryGood=90.0, exceptional=98.0]
2026-03-17 14:42:47.444 DEBUG [http-nio-8080-exec-9] u.g.o.s.ScoreCalculationService - KR 'Уровень обслуживания (% звонков < 30 сек)' score result: score=0.43, level=ниже_ожиданий
2026-03-17 14:42:47.444 DEBUG [http-nio-8080-exec-9] u.g.o.s.ScoreCalculationService - Calculating score for KR 'Удовлетворённость клиентов колл-центра (%)': actual=75.0, type=HIGHER_BETTER, thresholds=[below=60.0, meets=70.0, good=80.0, veryGood=88.0, exceptional=95.0]
2026-03-17 14:42:47.444 DEBUG [http-nio-8080-exec-9] u.g.o.s.ScoreCalculationService - KR 'Удовлетворённость клиентов колл-центра (%)' score result: score=0.41, level=ниже_ожиданий
2026-03-17 14:42:47.444 DEBUG [http-nio-8080-exec-9] u.g.o.s.ScoreCalculationService - Calculating score for KR 'Среднее время обработки звонка (сек)': actual=160.0, type=LOWER_BETTER, thresholds=[below=300.0, meets=240.0, good=180.0, veryGood=120.0, exceptional=90.0]
2026-03-17 14:42:47.444 DEBUG [http-nio-8080-exec-9] u.g.o.s.ScoreCalculationService - KR 'Среднее время обработки звонка (сек)' score result: score=0.63, level=на_уровне_ожиданий
2026-03-17 14:42:47.444 DEBUG [http-nio-8080-exec-9] u.g.o.s.ScoreCalculationService - Calculating score for KR 'Уровень обслуживания (% звонков < 30 сек)': actual=78.0, type=HIGHER_BETTER, thresholds=[below=60.0, meets=72.0, good=82.0, veryGood=90.0, exceptional=98.0]
2026-03-17 14:42:47.444 DEBUG [http-nio-8080-exec-9] u.g.o.s.ScoreCalculationService - KR 'Уровень обслуживания (% звонков < 30 сек)' score result: score=0.43, level=ниже_ожиданий
2026-03-17 14:42:47.444 DEBUG [http-nio-8080-exec-9] u.g.o.s.ScoreCalculationService - Calculating score for KR 'Удовлетворённость клиентов колл-центра (%)': actual=75.0, type=HIGHER_BETTER, thresholds=[below=60.0, meets=70.0, good=80.0, veryGood=88.0, exceptional=95.0]
2026-03-17 14:42:47.444 DEBUG [http-nio-8080-exec-9] u.g.o.s.ScoreCalculationService - KR 'Удовлетворённость клиентов колл-центра (%)' score result: score=0.41, level=ниже_ожиданий
2026-03-17 14:42:47.444 DEBUG [http-nio-8080-exec-9] u.g.o.s.ScoreCalculationService - Calculating score for KR 'Среднее время обработки звонка (сек)': actual=160.0, type=LOWER_BETTER, thresholds=[below=300.0, meets=240.0, good=180.0, veryGood=120.0, exceptional=90.0]
2026-03-17 14:42:47.444 DEBUG [http-nio-8080-exec-9] u.g.o.s.ScoreCalculationService - KR 'Среднее время обработки звонка (сек)' score result: score=0.63, level=на_уровне_ожиданий
2026-03-17 14:42:47.444 DEBUG [http-nio-8080-exec-9] org.hibernate.SQL - 
    select
        og1_0.id,
        og1_0.created_at,
        og1_0.department_id,
        og1_0.leader_id,
        m1_0.group_id,
        m1_1.id,
        m1_1.bio,
        m1_1.can_edit_assigned_departments,
        m1_1.created_at,
        m1_1.email,
        m1_1.full_name,
        m1_1.is_active,
        m1_1.job_title,
        m1_1.last_login,
        m1_1.password,
        m1_1.phone_number,
        m1_1.profile_photo_url,
        m1_1.read_only,
        m1_1.role,
        m1_1.updated_at,
        m1_1.username,
        og1_0.name,
        og1_0.updated_at 
    from
        org_groups og1_0 
    left join
        group_members m1_0 
            on og1_0.id=m1_0.group_id 
    left join
        users m1_1 
            on m1_1.id=m1_0.user_id 
    where
        og1_0.id=?
2026-03-17 14:42:47.444 TRACE [http-nio-8080-exec-9] org.hibernate.orm.jdbc.bind - binding parameter (1:VARCHAR) <- [4587257f-640d-4108-afd7-a1fa53566bf1]
2026-03-17 14:42:47.444 DEBUG [http-nio-8080-exec-9] org.hibernate.SQL - 
    select
        distinct u1_0.id,
        ad1_0.user_id,
        ad1_1.id,
        ad1_1.created_at,
        ad1_1.leader_id,
        ad1_1.division_id,
        ad1_1.name,
        ad1_1.updated_at,
        u1_0.bio,
        u1_0.can_edit_assigned_departments,
        u1_0.created_at,
        u1_0.email,
        u1_0.full_name,
        u1_0.is_active,
        u1_0.job_title,
        u1_0.last_login,
        u1_0.password,
        u1_0.phone_number,
        u1_0.profile_photo_url,
        u1_0.read_only,
        u1_0.role,
        u1_0.updated_at,
        u1_0.username 
    from
        users u1_0 
    left join
        user_departments ad1_0 
            on u1_0.id=ad1_0.user_id 
    left join
        department ad1_1 
            on ad1_1.id=ad1_0.department_id 
    where
        u1_0.id in (select
            u2_0.id from users u2_0 
        join
            user_departments ad2_0 
                on u2_0.id=ad2_0.user_id 
        where
            ad2_0.department_id=?)
2026-03-17 14:42:47.445 TRACE [http-nio-8080-exec-9] org.hibernate.orm.jdbc.bind - binding parameter (1:VARCHAR) <- [b399ea82-5e83-4549-98cb-edb09fde4b06]
2026-03-17 14:42:47.445 DEBUG [http-nio-8080-exec-9] u.g.o.s.ScoreCalculationService - Calculating score for KR 'NPS (Net Promoter Score)': actual=47.0, type=HIGHER_BETTER, thresholds=[below=20.0, meets=35.0, good=50.0, veryGood=65.0, exceptional=80.0]
2026-03-17 14:42:47.445 DEBUG [http-nio-8080-exec-9] u.g.o.s.ScoreCalculationService - KR 'NPS (Net Promoter Score)' score result: score=0.47, level=ниже_ожиданий
2026-03-17 14:42:47.445 DEBUG [http-nio-8080-exec-9] u.g.o.s.ScoreCalculationService - Calculating score for KR 'Доля жалоб, решённых с первого обращения (%)': actual=72.0, type=HIGHER_BETTER, thresholds=[below=50.0, meets=65.0, good=75.0, veryGood=85.0, exceptional=95.0]
2026-03-17 14:42:47.445 DEBUG [http-nio-8080-exec-9] u.g.o.s.ScoreCalculationService - KR 'Доля жалоб, решённых с первого обращения (%)' score result: score=0.45, level=ниже_ожиданий
2026-03-17 14:42:47.445 DEBUG [http-nio-8080-exec-9] u.g.o.s.ScoreCalculationService - Calculating score for KR 'Среднее время ожидания в очереди (мин)': actual=7.0, type=LOWER_BETTER, thresholds=[below=15.0, meets=10.0, good=6.0, veryGood=3.0, exceptional=1.0]
2026-03-17 14:42:47.445 DEBUG [http-nio-8080-exec-9] u.g.o.s.ScoreCalculationService - KR 'Среднее время ожидания в очереди (мин)' score result: score=0.46, level=ниже_ожиданий
2026-03-17 14:42:47.445 DEBUG [http-nio-8080-exec-9] u.g.o.s.ScoreCalculationService - Calculating score for KR 'Доля отвеченных звонков в течение 30 сек (%)': actual=76.0, type=HIGHER_BETTER, thresholds=[below=60.0, meets=72.0, good=82.0, veryGood=90.0, exceptional=98.0]
2026-03-17 14:42:47.445 DEBUG [http-nio-8080-exec-9] u.g.o.s.ScoreCalculationService - KR 'Доля отвеченных звонков в течение 30 сек (%)' score result: score=0.39, level=ниже_ожиданий
2026-03-17 14:42:47.445 DEBUG [http-nio-8080-exec-9] u.g.o.s.ScoreCalculationService - Calculating score for KR 'Среднее время обработки звонка (сек)': actual=155.0, type=LOWER_BETTER, thresholds=[below=300.0, meets=240.0, good=180.0, veryGood=120.0, exceptional=90.0]
2026-03-17 14:42:47.445 DEBUG [http-nio-8080-exec-9] u.g.o.s.ScoreCalculationService - KR 'Среднее время обработки звонка (сек)' score result: score=0.66, level=на_уровне_ожиданий
2026-03-17 14:42:47.445 DEBUG [http-nio-8080-exec-9] u.g.o.s.ScoreCalculationService - Calculating score for KR 'Прохождение сертификации сотрудниками (%)': actual=60.0, type=HIGHER_BETTER, thresholds=[below=40.0, meets=60.0, good=75.0, veryGood=88.0, exceptional=100.0]
2026-03-17 14:42:47.445 DEBUG [http-nio-8080-exec-9] u.g.o.s.ScoreCalculationService - KR 'Прохождение сертификации сотрудниками (%)' score result: score=0.31, level=ниже_ожиданий
2026-03-17 14:42:47.445 DEBUG [http-nio-8080-exec-9] u.g.o.s.ScoreCalculationService - Calculating score for KR 'NPS (Net Promoter Score)': actual=47.0, type=HIGHER_BETTER, thresholds=[below=20.0, meets=35.0, good=50.0, veryGood=65.0, exceptional=80.0]
2026-03-17 14:42:47.445 DEBUG [http-nio-8080-exec-9] u.g.o.s.ScoreCalculationService - KR 'NPS (Net Promoter Score)' score result: score=0.47, level=ниже_ожиданий
2026-03-17 14:42:47.445 DEBUG [http-nio-8080-exec-9] u.g.o.s.ScoreCalculationService - Calculating score for KR 'Доля жалоб, решённых с первого обращения (%)': actual=72.0, type=HIGHER_BETTER, thresholds=[below=50.0, meets=65.0, good=75.0, veryGood=85.0, exceptional=95.0]
2026-03-17 14:42:47.445 DEBUG [http-nio-8080-exec-9] u.g.o.s.ScoreCalculationService - KR 'Доля жалоб, решённых с первого обращения (%)' score result: score=0.45, level=ниже_ожиданий
2026-03-17 14:42:47.445 DEBUG [http-nio-8080-exec-9] u.g.o.s.ScoreCalculationService - Calculating score for KR 'Среднее время ожидания в очереди (мин)': actual=7.0, type=LOWER_BETTER, thresholds=[below=15.0, meets=10.0, good=6.0, veryGood=3.0, exceptional=1.0]
2026-03-17 14:42:47.445 DEBUG [http-nio-8080-exec-9] u.g.o.s.ScoreCalculationService - KR 'Среднее время ожидания в очереди (мин)' score result: score=0.46, level=ниже_ожиданий
2026-03-17 14:42:47.445 DEBUG [http-nio-8080-exec-9] u.g.o.s.ScoreCalculationService - Calculating score for KR 'Доля отвеченных звонков в течение 30 сек (%)': actual=76.0, type=HIGHER_BETTER, thresholds=[below=60.0, meets=72.0, good=82.0, veryGood=90.0, exceptional=98.0]
2026-03-17 14:42:47.445 DEBUG [http-nio-8080-exec-9] u.g.o.s.ScoreCalculationService - KR 'Доля отвеченных звонков в течение 30 сек (%)' score result: score=0.39, level=ниже_ожиданий
2026-03-17 14:42:47.445 DEBUG [http-nio-8080-exec-9] u.g.o.s.ScoreCalculationService - Calculating score for KR 'Среднее время обработки звонка (сек)': actual=155.0, type=LOWER_BETTER, thresholds=[below=300.0, meets=240.0, good=180.0, veryGood=120.0, exceptional=90.0]
2026-03-17 14:42:47.445 DEBUG [http-nio-8080-exec-9] u.g.o.s.ScoreCalculationService - KR 'Среднее время обработки звонка (сек)' score result: score=0.66, level=на_уровне_ожиданий
2026-03-17 14:42:47.445 DEBUG [http-nio-8080-exec-9] u.g.o.s.ScoreCalculationService - Calculating score for KR 'Прохождение сертификации сотрудниками (%)': actual=60.0, type=HIGHER_BETTER, thresholds=[below=40.0, meets=60.0, good=75.0, veryGood=88.0, exceptional=100.0]
2026-03-17 14:42:47.445 DEBUG [http-nio-8080-exec-9] u.g.o.s.ScoreCalculationService - KR 'Прохождение сертификации сотрудниками (%)' score result: score=0.31, level=ниже_ожиданий
2026-03-17 14:42:47.445 INFO  [http-nio-8080-exec-9] u.g.o.s.ScoreCalculationService - Fetching evaluations for targetType=DEPARTMENT, targetId=b399ea82-5e83-4549-98cb-edb09fde4b06
2026-03-17 14:42:47.445 DEBUG [http-nio-8080-exec-9] org.hibernate.SQL - 
    select
        e1_0.id,
        e1_0.comment,
        e1_0.created_at,
        e1_0.evaluator_id,
        e1_0.evaluator_type,
        e1_0.letter_rating,
        e1_0.numeric_rating,
        e1_0.status,
        e1_0.submitted_at,
        e1_0.target_id,
        e1_0.target_type,
        e1_0.updated_at 
    from
        evaluations e1_0 
    where
        e1_0.target_type=? 
        and e1_0.target_id=? 
        and e1_0.status=?
2026-03-17 14:42:47.445 TRACE [http-nio-8080-exec-9] org.hibernate.orm.jdbc.bind - binding parameter (1:VARCHAR) <- [DEPARTMENT]
2026-03-17 14:42:47.445 TRACE [http-nio-8080-exec-9] org.hibernate.orm.jdbc.bind - binding parameter (2:UUID) <- [b399ea82-5e83-4549-98cb-edb09fde4b06]
2026-03-17 14:42:47.445 TRACE [http-nio-8080-exec-9] org.hibernate.orm.jdbc.bind - binding parameter (3:ENUM) <- [SUBMITTED]
2026-03-17 14:42:47.446 INFO  [http-nio-8080-exec-9] u.g.o.s.ScoreCalculationService - Found 0 submitted evaluations for targetId=b399ea82-5e83-4549-98cb-edb09fde4b06
2026-03-17 14:42:47.446 DEBUG [http-nio-8080-exec-9] u.g.o.s.ScoreCalculationService - Calculating score for KR 'Количество новых корпоративных клиентов': actual=35.0, type=HIGHER_BETTER, thresholds=[below=10.0, meets=18.0, good=25.0, veryGood=32.0, exceptional=40.0]
2026-03-17 14:42:47.446 DEBUG [http-nio-8080-exec-9] u.g.o.s.ScoreCalculationService - KR 'Количество новых корпоративных клиентов' score result: score=0.91, level=превышает_ожидания
2026-03-17 14:42:47.446 DEBUG [http-nio-8080-exec-9] u.g.o.s.ScoreCalculationService - Calculating score for KR 'Доля NPL в корпоративном портфеле (%)': actual=0.9, type=LOWER_BETTER, thresholds=[below=6.0, meets=4.0, good=2.5, veryGood=1.0, exceptional=0.5]
2026-03-17 14:42:47.446 DEBUG [http-nio-8080-exec-9] u.g.o.s.ScoreCalculationService - KR 'Доля NPL в корпоративном портфеле (%)' score result: score=0.89, level=превышает_ожидания
2026-03-17 14:42:47.446 DEBUG [http-nio-8080-exec-9] u.g.o.s.ScoreCalculationService - Calculating score for KR 'Объём корпоративных кредитов (трлн сум)': actual=2.7, type=HIGHER_BETTER, thresholds=[below=1.0, meets=1.5, good=2.0, veryGood=2.5, exceptional=3.0]
2026-03-17 14:42:47.446 DEBUG [http-nio-8080-exec-9] u.g.o.s.ScoreCalculationService - KR 'Объём корпоративных кредитов (трлн сум)' score result: score=0.92, level=превышает_ожидания
2026-03-17 14:42:47.446 DEBUG [http-nio-8080-exec-9] u.g.o.s.ScoreCalculationService - Calculating score for KR 'Количество новых корпоративных клиентов': actual=35.0, type=HIGHER_BETTER, thresholds=[below=10.0, meets=18.0, good=25.0, veryGood=32.0, exceptional=40.0]
2026-03-17 14:42:47.446 DEBUG [http-nio-8080-exec-9] u.g.o.s.ScoreCalculationService - KR 'Количество новых корпоративных клиентов' score result: score=0.91, level=превышает_ожидания
2026-03-17 14:42:47.446 DEBUG [http-nio-8080-exec-9] u.g.o.s.ScoreCalculationService - Calculating score for KR 'Доля NPL в корпоративном портфеле (%)': actual=0.9, type=LOWER_BETTER, thresholds=[below=6.0, meets=4.0, good=2.5, veryGood=1.0, exceptional=0.5]
2026-03-17 14:42:47.446 DEBUG [http-nio-8080-exec-9] u.g.o.s.ScoreCalculationService - KR 'Доля NPL в корпоративном портфеле (%)' score result: score=0.89, level=превышает_ожидания
2026-03-17 14:42:47.446 DEBUG [http-nio-8080-exec-9] u.g.o.s.ScoreCalculationService - Calculating score for KR 'Объём корпоративных кредитов (трлн сум)': actual=2.7, type=HIGHER_BETTER, thresholds=[below=1.0, meets=1.5, good=2.0, veryGood=2.5, exceptional=3.0]
2026-03-17 14:42:47.446 DEBUG [http-nio-8080-exec-9] u.g.o.s.ScoreCalculationService - KR 'Объём корпоративных кредитов (трлн сум)' score result: score=0.92, level=превышает_ожидания
2026-03-17 14:42:47.446 DEBUG [http-nio-8080-exec-9] u.g.o.s.ScoreCalculationService - Calculating score for KR 'Количество активных корпоративных счетов': actual=415.0, type=HIGHER_BETTER, thresholds=[below=200.0, meets=280.0, good=360.0, veryGood=440.0, exceptional=520.0]
2026-03-17 14:42:47.446 DEBUG [http-nio-8080-exec-9] u.g.o.s.ScoreCalculationService - KR 'Количество активных корпоративных счетов' score result: score=0.75, level=на_уровне_ожиданий
2026-03-17 14:42:47.446 DEBUG [http-nio-8080-exec-9] u.g.o.s.ScoreCalculationService - Calculating score for KR 'Доходы от РКО (млрд сум)': actual=28.0, type=HIGHER_BETTER, thresholds=[below=10.0, meets=15.0, good=20.0, veryGood=27.0, exceptional=35.0]
2026-03-17 14:42:47.446 DEBUG [http-nio-8080-exec-9] u.g.o.s.ScoreCalculationService - KR 'Доходы от РКО (млрд сум)' score result: score=0.88, level=превышает_ожидания
2026-03-17 14:42:47.446 DEBUG [http-nio-8080-exec-9] u.g.o.s.ScoreCalculationService - Calculating score for KR 'Количество активных корпоративных счетов': actual=415.0, type=HIGHER_BETTER, thresholds=[below=200.0, meets=280.0, good=360.0, veryGood=440.0, exceptional=520.0]
2026-03-17 14:42:47.446 DEBUG [http-nio-8080-exec-9] u.g.o.s.ScoreCalculationService - KR 'Количество активных корпоративных счетов' score result: score=0.75, level=на_уровне_ожиданий
2026-03-17 14:42:47.446 DEBUG [http-nio-8080-exec-9] u.g.o.s.ScoreCalculationService - Calculating score for KR 'Доходы от РКО (млрд сум)': actual=28.0, type=HIGHER_BETTER, thresholds=[below=10.0, meets=15.0, good=20.0, veryGood=27.0, exceptional=35.0]
2026-03-17 14:42:47.446 DEBUG [http-nio-8080-exec-9] u.g.o.s.ScoreCalculationService - KR 'Доходы от РКО (млрд сум)' score result: score=0.88, level=превышает_ожидания
2026-03-17 14:42:47.446 DEBUG [http-nio-8080-exec-9] u.g.o.s.ScoreCalculationService - Calculating score for KR 'Новые продукты выведены на рынок (шт)': actual=4.0, type=HIGHER_BETTER, thresholds=[below=1.0, meets=2.0, good=3.0, veryGood=4.0, exceptional=5.0]
2026-03-17 14:42:47.446 DEBUG [http-nio-8080-exec-9] u.g.o.s.ScoreCalculationService - KR 'Новые продукты выведены на рынок (шт)' score result: score=0.86, level=превышает_ожидания
2026-03-17 14:42:47.446 DEBUG [http-nio-8080-exec-9] u.g.o.s.ScoreCalculationService - Calculating score for KR 'Новые продукты выведены на рынок (шт)': actual=4.0, type=HIGHER_BETTER, thresholds=[below=1.0, meets=2.0, good=3.0, veryGood=4.0, exceptional=5.0]
2026-03-17 14:42:47.446 DEBUG [http-nio-8080-exec-9] u.g.o.s.ScoreCalculationService - KR 'Новые продукты выведены на рынок (шт)' score result: score=0.86, level=превышает_ожидания
2026-03-17 14:42:47.447 DEBUG [http-nio-8080-exec-9] u.g.o.s.ScoreCalculationService - Calculating score for KR 'Объём сделок с личными ключевыми клиентами (млрд)': actual=1.3, type=HIGHER_BETTER, thresholds=[below=0.2, meets=0.5, good=0.8, veryGood=1.2, exceptional=1.8]
2026-03-17 14:42:47.447 DEBUG [http-nio-8080-exec-9] u.g.o.s.ScoreCalculationService - KR 'Объём сделок с личными ключевыми клиентами (млрд)' score result: score=0.88, level=превышает_ожидания
2026-03-17 14:42:47.447 DEBUG [http-nio-8080-exec-9] u.g.o.s.ScoreCalculationService - Calculating score for KR 'NPS ключевых клиентов под личным ведением': actual=68.0, type=HIGHER_BETTER, thresholds=[below=20.0, meets=35.0, good=50.0, veryGood=65.0, exceptional=80.0]
2026-03-17 14:42:47.447 DEBUG [http-nio-8080-exec-9] u.g.o.s.ScoreCalculationService - KR 'NPS ключевых клиентов под личным ведением' score result: score=0.89, level=превышает_ожидания
2026-03-17 14:42:47.447 DEBUG [http-nio-8080-exec-9] u.g.o.s.ScoreCalculationService - Calculating score for KR 'Объём сделок с личными ключевыми клиентами (млрд)': actual=1.3, type=HIGHER_BETTER, thresholds=[below=0.2, meets=0.5, good=0.8, veryGood=1.2, exceptional=1.8]
2026-03-17 14:42:47.447 DEBUG [http-nio-8080-exec-9] u.g.o.s.ScoreCalculationService - KR 'Объём сделок с личными ключевыми клиентами (млрд)' score result: score=0.88, level=превышает_ожидания
2026-03-17 14:42:47.447 DEBUG [http-nio-8080-exec-9] u.g.o.s.ScoreCalculationService - Calculating score for KR 'NPS ключевых клиентов под личным ведением': actual=68.0, type=HIGHER_BETTER, thresholds=[below=20.0, meets=35.0, good=50.0, veryGood=65.0, exceptional=80.0]
2026-03-17 14:42:47.447 DEBUG [http-nio-8080-exec-9] u.g.o.s.ScoreCalculationService - KR 'NPS ключевых клиентов под личным ведением' score result: score=0.89, level=превышает_ожидания
2026-03-17 14:42:47.447 DEBUG [http-nio-8080-exec-9] u.g.o.s.ScoreCalculationService - Calculating score for KR 'NPS ключевых клиентов под личным ведением': actual=68.0, type=HIGHER_BETTER, thresholds=[below=20.0, meets=35.0, good=50.0, veryGood=65.0, exceptional=80.0]
2026-03-17 14:42:47.447 DEBUG [http-nio-8080-exec-9] u.g.o.s.ScoreCalculationService - KR 'NPS ключевых клиентов под личным ведением' score result: score=0.89, level=превышает_ожидания
2026-03-17 14:42:47.447 DEBUG [http-nio-8080-exec-9] u.g.o.s.ScoreCalculationService - Calculating score for KR 'Объём сделок с личными ключевыми клиентами (млрд)': actual=1.3, type=HIGHER_BETTER, thresholds=[below=0.2, meets=0.5, good=0.8, veryGood=1.2, exceptional=1.8]
2026-03-17 14:42:47.447 DEBUG [http-nio-8080-exec-9] u.g.o.s.ScoreCalculationService - KR 'Объём сделок с личными ключевыми клиентами (млрд)' score result: score=0.88, level=превышает_ожидания
2026-03-17 14:42:47.447 DEBUG [http-nio-8080-exec-9] u.g.o.s.ScoreCalculationService - Calculating score for KR 'Объём сделок с личными ключевыми клиентами (млрд)': actual=1.3, type=HIGHER_BETTER, thresholds=[below=0.2, meets=0.5, good=0.8, veryGood=1.2, exceptional=1.8]
2026-03-17 14:42:47.447 DEBUG [http-nio-8080-exec-9] u.g.o.s.ScoreCalculationService - KR 'Объём сделок с личными ключевыми клиентами (млрд)' score result: score=0.88, level=превышает_ожидания
2026-03-17 14:42:47.447 DEBUG [http-nio-8080-exec-9] u.g.o.s.ScoreCalculationService - Calculating score for KR 'NPS ключевых клиентов под личным ведением': actual=68.0, type=HIGHER_BETTER, thresholds=[below=20.0, meets=35.0, good=50.0, veryGood=65.0, exceptional=80.0]
2026-03-17 14:42:47.447 DEBUG [http-nio-8080-exec-9] u.g.o.s.ScoreCalculationService - KR 'NPS ключевых клиентов под личным ведением' score result: score=0.89, level=превышает_ожидания
2026-03-17 14:42:47.447 DEBUG [http-nio-8080-exec-9] org.hibernate.SQL - 
    select
        og1_0.id,
        og1_0.created_at,
        og1_0.department_id,
        og1_0.leader_id,
        og1_0.name,
        o1_0.group_id,
        o1_0.id,
        o1_0.created_at,
        o1_0.department_id,
        o1_0.division_id,
        o1_0.employee_id,
        kr1_0.objective_id,
        kr1_0.id,
        kr1_0.active,
        kr1_0.actual_value,
        kr1_0.attachment_file_name,
        kr1_0.attachment_url,
        kr1_0.description,
        kr1_0.metric_type,
        kr1_0.name,
        kr1_0.progress,
        kr1_0.threshold_below,
        kr1_0.threshold_exceptional,
        kr1_0.threshold_good,
        kr1_0.threshold_meets,
        kr1_0.threshold_very_good,
        kr1_0.unit,
        kr1_0.weight,
        o1_0.level,
        o1_0.name,
        o1_0.weight,
        og1_0.updated_at 
    from
        org_groups og1_0 
    left join
        objectives o1_0 
            on og1_0.id=o1_0.group_id 
    left join
        key_results kr1_0 
            on o1_0.id=kr1_0.objective_id 
    where
        og1_0.department_id=? 
    order by
        o1_0.created_at,
        kr1_0.id
2026-03-17 14:42:47.447 TRACE [http-nio-8080-exec-9] org.hibernate.orm.jdbc.bind - binding parameter (1:VARCHAR) <- [4107a764-2e62-4372-86d6-717c09d1d5f7]
2026-03-17 14:42:47.447 DEBUG [http-nio-8080-exec-9] org.hibernate.SQL - 
    select
        distinct u1_0.id,
        ad1_0.user_id,
        ad1_1.id,
        ad1_1.created_at,
        ad1_1.leader_id,
        ad1_1.division_id,
        ad1_1.name,
        ad1_1.updated_at,
        u1_0.bio,
        u1_0.can_edit_assigned_departments,
        u1_0.created_at,
        u1_0.email,
        u1_0.full_name,
        u1_0.is_active,
        u1_0.job_title,
        u1_0.last_login,
        u1_0.password,
        u1_0.phone_number,
        u1_0.profile_photo_url,
        u1_0.read_only,
        u1_0.role,
        u1_0.updated_at,
        u1_0.username 
    from
        users u1_0 
    left join
        user_departments ad1_0 
            on u1_0.id=ad1_0.user_id 
    left join
        department ad1_1 
            on ad1_1.id=ad1_0.department_id 
    where
        u1_0.id in (select
            u2_0.id from users u2_0 
        join
            user_departments ad2_0 
                on u2_0.id=ad2_0.user_id 
        where
            ad2_0.department_id=?)
2026-03-17 14:42:47.447 TRACE [http-nio-8080-exec-9] org.hibernate.orm.jdbc.bind - binding parameter (1:VARCHAR) <- [4107a764-2e62-4372-86d6-717c09d1d5f7]
2026-03-17 14:42:47.448 DEBUG [http-nio-8080-exec-9] u.g.o.s.ScoreCalculationService - Calculating score for KR 'Количество новых корпоративных клиентов': actual=35.0, type=HIGHER_BETTER, thresholds=[below=10.0, meets=18.0, good=25.0, veryGood=32.0, exceptional=40.0]
2026-03-17 14:42:47.448 DEBUG [http-nio-8080-exec-9] u.g.o.s.ScoreCalculationService - KR 'Количество новых корпоративных клиентов' score result: score=0.91, level=превышает_ожидания
2026-03-17 14:42:47.448 DEBUG [http-nio-8080-exec-9] u.g.o.s.ScoreCalculationService - Calculating score for KR 'Доля NPL в корпоративном портфеле (%)': actual=0.9, type=LOWER_BETTER, thresholds=[below=6.0, meets=4.0, good=2.5, veryGood=1.0, exceptional=0.5]
2026-03-17 14:42:47.448 DEBUG [http-nio-8080-exec-9] u.g.o.s.ScoreCalculationService - KR 'Доля NPL в корпоративном портфеле (%)' score result: score=0.89, level=превышает_ожидания
2026-03-17 14:42:47.448 DEBUG [http-nio-8080-exec-9] u.g.o.s.ScoreCalculationService - Calculating score for KR 'Объём корпоративных кредитов (трлн сум)': actual=2.7, type=HIGHER_BETTER, thresholds=[below=1.0, meets=1.5, good=2.0, veryGood=2.5, exceptional=3.0]
2026-03-17 14:42:47.448 DEBUG [http-nio-8080-exec-9] u.g.o.s.ScoreCalculationService - KR 'Объём корпоративных кредитов (трлн сум)' score result: score=0.92, level=превышает_ожидания
2026-03-17 14:42:47.448 DEBUG [http-nio-8080-exec-9] u.g.o.s.ScoreCalculationService - Calculating score for KR 'Количество активных корпоративных счетов': actual=415.0, type=HIGHER_BETTER, thresholds=[below=200.0, meets=280.0, good=360.0, veryGood=440.0, exceptional=520.0]
2026-03-17 14:42:47.448 DEBUG [http-nio-8080-exec-9] u.g.o.s.ScoreCalculationService - KR 'Количество активных корпоративных счетов' score result: score=0.75, level=на_уровне_ожиданий
2026-03-17 14:42:47.448 DEBUG [http-nio-8080-exec-9] u.g.o.s.ScoreCalculationService - Calculating score for KR 'Доходы от РКО (млрд сум)': actual=28.0, type=HIGHER_BETTER, thresholds=[below=10.0, meets=15.0, good=20.0, veryGood=27.0, exceptional=35.0]
2026-03-17 14:42:47.448 DEBUG [http-nio-8080-exec-9] u.g.o.s.ScoreCalculationService - KR 'Доходы от РКО (млрд сум)' score result: score=0.88, level=превышает_ожидания
2026-03-17 14:42:47.448 DEBUG [http-nio-8080-exec-9] u.g.o.s.ScoreCalculationService - Calculating score for KR 'Новые продукты выведены на рынок (шт)': actual=4.0, type=HIGHER_BETTER, thresholds=[below=1.0, meets=2.0, good=3.0, veryGood=4.0, exceptional=5.0]
2026-03-17 14:42:47.448 DEBUG [http-nio-8080-exec-9] u.g.o.s.ScoreCalculationService - KR 'Новые продукты выведены на рынок (шт)' score result: score=0.86, level=превышает_ожидания
2026-03-17 14:42:47.448 DEBUG [http-nio-8080-exec-9] u.g.o.s.ScoreCalculationService - Calculating score for KR 'Количество новых корпоративных клиентов': actual=35.0, type=HIGHER_BETTER, thresholds=[below=10.0, meets=18.0, good=25.0, veryGood=32.0, exceptional=40.0]
2026-03-17 14:42:47.448 DEBUG [http-nio-8080-exec-9] u.g.o.s.ScoreCalculationService - KR 'Количество новых корпоративных клиентов' score result: score=0.91, level=превышает_ожидания
2026-03-17 14:42:47.448 DEBUG [http-nio-8080-exec-9] u.g.o.s.ScoreCalculationService - Calculating score for KR 'Доля NPL в корпоративном портфеле (%)': actual=0.9, type=LOWER_BETTER, thresholds=[below=6.0, meets=4.0, good=2.5, veryGood=1.0, exceptional=0.5]
2026-03-17 14:42:47.448 DEBUG [http-nio-8080-exec-9] u.g.o.s.ScoreCalculationService - KR 'Доля NPL в корпоративном портфеле (%)' score result: score=0.89, level=превышает_ожидания
2026-03-17 14:42:47.448 DEBUG [http-nio-8080-exec-9] u.g.o.s.ScoreCalculationService - Calculating score for KR 'Объём корпоративных кредитов (трлн сум)': actual=2.7, type=HIGHER_BETTER, thresholds=[below=1.0, meets=1.5, good=2.0, veryGood=2.5, exceptional=3.0]
2026-03-17 14:42:47.448 DEBUG [http-nio-8080-exec-9] u.g.o.s.ScoreCalculationService - KR 'Объём корпоративных кредитов (трлн сум)' score result: score=0.92, level=превышает_ожидания
2026-03-17 14:42:47.448 DEBUG [http-nio-8080-exec-9] u.g.o.s.ScoreCalculationService - Calculating score for KR 'Количество активных корпоративных счетов': actual=415.0, type=HIGHER_BETTER, thresholds=[below=200.0, meets=280.0, good=360.0, veryGood=440.0, exceptional=520.0]
2026-03-17 14:42:47.448 DEBUG [http-nio-8080-exec-9] u.g.o.s.ScoreCalculationService - KR 'Количество активных корпоративных счетов' score result: score=0.75, level=на_уровне_ожиданий
2026-03-17 14:42:47.448 DEBUG [http-nio-8080-exec-9] u.g.o.s.ScoreCalculationService - Calculating score for KR 'Доходы от РКО (млрд сум)': actual=28.0, type=HIGHER_BETTER, thresholds=[below=10.0, meets=15.0, good=20.0, veryGood=27.0, exceptional=35.0]
2026-03-17 14:42:47.448 DEBUG [http-nio-8080-exec-9] u.g.o.s.ScoreCalculationService - KR 'Доходы от РКО (млрд сум)' score result: score=0.88, level=превышает_ожидания
2026-03-17 14:42:47.448 DEBUG [http-nio-8080-exec-9] u.g.o.s.ScoreCalculationService - Calculating score for KR 'Новые продукты выведены на рынок (шт)': actual=4.0, type=HIGHER_BETTER, thresholds=[below=1.0, meets=2.0, good=3.0, veryGood=4.0, exceptional=5.0]
2026-03-17 14:42:47.448 DEBUG [http-nio-8080-exec-9] u.g.o.s.ScoreCalculationService - KR 'Новые продукты выведены на рынок (шт)' score result: score=0.86, level=превышает_ожидания
2026-03-17 14:42:47.448 INFO  [http-nio-8080-exec-9] u.g.o.s.ScoreCalculationService - Fetching evaluations for targetType=DEPARTMENT, targetId=4107a764-2e62-4372-86d6-717c09d1d5f7
2026-03-17 14:42:47.448 DEBUG [http-nio-8080-exec-9] org.hibernate.SQL - 
    select
        e1_0.id,
        e1_0.comment,
        e1_0.created_at,
        e1_0.evaluator_id,
        e1_0.evaluator_type,
        e1_0.letter_rating,
        e1_0.numeric_rating,
        e1_0.status,
        e1_0.submitted_at,
        e1_0.target_id,
        e1_0.target_type,
        e1_0.updated_at 
    from
        evaluations e1_0 
    where
        e1_0.target_type=? 
        and e1_0.target_id=? 
        and e1_0.status=?
2026-03-17 14:42:47.448 TRACE [http-nio-8080-exec-9] org.hibernate.orm.jdbc.bind - binding parameter (1:VARCHAR) <- [DEPARTMENT]
2026-03-17 14:42:47.448 TRACE [http-nio-8080-exec-9] org.hibernate.orm.jdbc.bind - binding parameter (2:UUID) <- [4107a764-2e62-4372-86d6-717c09d1d5f7]
2026-03-17 14:42:47.448 TRACE [http-nio-8080-exec-9] org.hibernate.orm.jdbc.bind - binding parameter (3:ENUM) <- [SUBMITTED]
2026-03-17 14:42:47.448 INFO  [http-nio-8080-exec-9] u.g.o.s.ScoreCalculationService - Found 0 submitted evaluations for targetId=4107a764-2e62-4372-86d6-717c09d1d5f7
2026-03-17 14:42:47.448 DEBUG [http-nio-8080-exec-9] u.g.o.s.ScoreCalculationService - Calculating score for KR 'Переносы сроков задач (% от общего кол-ва)': actual=12.0, type=LOWER_BETTER, thresholds=[below=30.0, meets=20.0, good=15.0, veryGood=5.0, exceptional=0.0]
2026-03-17 14:42:47.448 DEBUG [http-nio-8080-exec-9] u.g.o.s.ScoreCalculationService - KR 'Переносы сроков задач (% от общего кол-ва)' score result: score=0.62, level=на_уровне_ожиданий
2026-03-17 14:42:47.448 DEBUG [http-nio-8080-exec-9] u.g.o.s.ScoreCalculationService - Calculating score for KR 'Задачи в JIRA, завершённые в срок (%)': actual=82.0, type=HIGHER_BETTER, thresholds=[below=50.0, meets=65.0, good=80.0, veryGood=95.0, exceptional=100.0]
2026-03-17 14:42:47.448 DEBUG [http-nio-8080-exec-9] u.g.o.s.ScoreCalculationService - KR 'Задачи в JIRA, завершённые в срок (%)' score result: score=0.56, level=на_уровне_ожиданий
2026-03-17 14:42:47.448 DEBUG [http-nio-8080-exec-9] u.g.o.s.ScoreCalculationService - Calculating score for KR 'Проекты завершённые в срок (% от кол-ва)': actual=78.0, type=HIGHER_BETTER, thresholds=[below=50.0, meets=60.0, good=80.0, veryGood=100.0, exceptional=100.0]
2026-03-17 14:42:47.448 DEBUG [http-nio-8080-exec-9] u.g.o.s.ScoreCalculationService - KR 'Проекты завершённые в срок (% от кол-ва)' score result: score=0.49, level=ниже_ожиданий
2026-03-17 14:42:47.448 DEBUG [http-nio-8080-exec-9] u.g.o.s.ScoreCalculationService - Calculating score for KR 'Переносы сроков задач (% от общего кол-ва)': actual=12.0, type=LOWER_BETTER, thresholds=[below=30.0, meets=20.0, good=15.0, veryGood=5.0, exceptional=0.0]
2026-03-17 14:42:47.448 DEBUG [http-nio-8080-exec-9] u.g.o.s.ScoreCalculationService - KR 'Переносы сроков задач (% от общего кол-ва)' score result: score=0.62, level=на_уровне_ожиданий
2026-03-17 14:42:47.449 DEBUG [http-nio-8080-exec-9] u.g.o.s.ScoreCalculationService - Calculating score for KR 'Задачи в JIRA, завершённые в срок (%)': actual=82.0, type=HIGHER_BETTER, thresholds=[below=50.0, meets=65.0, good=80.0, veryGood=95.0, exceptional=100.0]
2026-03-17 14:42:47.449 DEBUG [http-nio-8080-exec-9] u.g.o.s.ScoreCalculationService - KR 'Задачи в JIRA, завершённые в срок (%)' score result: score=0.56, level=на_уровне_ожиданий
2026-03-17 14:42:47.449 DEBUG [http-nio-8080-exec-9] u.g.o.s.ScoreCalculationService - Calculating score for KR 'Проекты завершённые в срок (% от кол-ва)': actual=78.0, type=HIGHER_BETTER, thresholds=[below=50.0, meets=60.0, good=80.0, veryGood=100.0, exceptional=100.0]
2026-03-17 14:42:47.449 DEBUG [http-nio-8080-exec-9] u.g.o.s.ScoreCalculationService - KR 'Проекты завершённые в срок (% от кол-ва)' score result: score=0.49, level=ниже_ожиданий
2026-03-17 14:42:47.449 DEBUG [http-nio-8080-exec-9] u.g.o.s.ScoreCalculationService - Calculating score for KR 'Неучтённые риски после начала проекта (кол-во)': actual=3.0, type=LOWER_BETTER, thresholds=[below=10.0, meets=5.0, good=2.0, veryGood=1.0, exceptional=0.0]
2026-03-17 14:42:47.449 DEBUG [http-nio-8080-exec-9] u.g.o.s.ScoreCalculationService - KR 'Неучтённые риски после начала проекта (кол-во)' score result: score=0.44, level=ниже_ожиданий
2026-03-17 14:42:47.449 DEBUG [http-nio-8080-exec-9] u.g.o.s.ScoreCalculationService - Calculating score for KR 'Точность оценки трудозатрат (%)': actual=68.0, type=HIGHER_BETTER, thresholds=[below=50.0, meets=60.0, good=75.0, veryGood=85.0, exceptional=100.0]
2026-03-17 14:42:47.449 DEBUG [http-nio-8080-exec-9] u.g.o.s.ScoreCalculationService - KR 'Точность оценки трудозатрат (%)' score result: score=0.42, level=ниже_ожиданий
2026-03-17 14:42:47.449 DEBUG [http-nio-8080-exec-9] u.g.o.s.ScoreCalculationService - Calculating score for KR 'Проекты в рамках бюджета (% без превышения)': actual=73.0, type=HIGHER_BETTER, thresholds=[below=50.0, meets=60.0, good=75.0, veryGood=90.0, exceptional=100.0]
2026-03-17 14:42:47.449 DEBUG [http-nio-8080-exec-9] u.g.o.s.ScoreCalculationService - KR 'Проекты в рамках бюджета (% без превышения)' score result: score=0.48, level=ниже_ожиданий
2026-03-17 14:42:47.449 DEBUG [http-nio-8080-exec-9] u.g.o.s.ScoreCalculationService - Calculating score for KR 'Процент рисков с планами митигации (%)': actual=72.0, type=HIGHER_BETTER, thresholds=[below=20.0, meets=50.0, good=65.0, veryGood=80.0, exceptional=100.0]
2026-03-17 14:42:47.449 DEBUG [http-nio-8080-exec-9] u.g.o.s.ScoreCalculationService - KR 'Процент рисков с планами митигации (%)' score result: score=0.67, level=на_уровне_ожиданий
2026-03-17 14:42:47.449 DEBUG [http-nio-8080-exec-9] u.g.o.s.ScoreCalculationService - Calculating score for KR 'Неучтённые риски после начала проекта (кол-во)': actual=3.0, type=LOWER_BETTER, thresholds=[below=10.0, meets=5.0, good=2.0, veryGood=1.0, exceptional=0.0]
2026-03-17 14:42:47.449 DEBUG [http-nio-8080-exec-9] u.g.o.s.ScoreCalculationService - KR 'Неучтённые риски после начала проекта (кол-во)' score result: score=0.44, level=ниже_ожиданий
2026-03-17 14:42:47.449 DEBUG [http-nio-8080-exec-9] u.g.o.s.ScoreCalculationService - Calculating score for KR 'Точность оценки трудозатрат (%)': actual=68.0, type=HIGHER_BETTER, thresholds=[below=50.0, meets=60.0, good=75.0, veryGood=85.0, exceptional=100.0]
2026-03-17 14:42:47.449 DEBUG [http-nio-8080-exec-9] u.g.o.s.ScoreCalculationService - KR 'Точность оценки трудозатрат (%)' score result: score=0.42, level=ниже_ожиданий
2026-03-17 14:42:47.449 DEBUG [http-nio-8080-exec-9] u.g.o.s.ScoreCalculationService - Calculating score for KR 'Проекты в рамках бюджета (% без превышения)': actual=73.0, type=HIGHER_BETTER, thresholds=[below=50.0, meets=60.0, good=75.0, veryGood=90.0, exceptional=100.0]
2026-03-17 14:42:47.449 DEBUG [http-nio-8080-exec-9] u.g.o.s.ScoreCalculationService - KR 'Проекты в рамках бюджета (% без превышения)' score result: score=0.48, level=ниже_ожиданий
2026-03-17 14:42:47.449 DEBUG [http-nio-8080-exec-9] u.g.o.s.ScoreCalculationService - Calculating score for KR 'Процент рисков с планами митигации (%)': actual=72.0, type=HIGHER_BETTER, thresholds=[below=20.0, meets=50.0, good=65.0, veryGood=80.0, exceptional=100.0]
2026-03-17 14:42:47.449 DEBUG [http-nio-8080-exec-9] u.g.o.s.ScoreCalculationService - KR 'Процент рисков с планами митигации (%)' score result: score=0.67, level=на_уровне_ожиданий
2026-03-17 14:42:47.449 DEBUG [http-nio-8080-exec-9] u.g.o.s.ScoreCalculationService - Calculating score for KR 'Уровень автоматизации процессов (%)': actual=71.0, type=HIGHER_BETTER, thresholds=[below=50.0, meets=65.0, good=78.0, veryGood=90.0, exceptional=100.0]
2026-03-17 14:42:47.449 DEBUG [http-nio-8080-exec-9] u.g.o.s.ScoreCalculationService - KR 'Уровень автоматизации процессов (%)' score result: score=0.4, level=ниже_ожиданий
2026-03-17 14:42:47.449 DEBUG [http-nio-8080-exec-9] u.g.o.s.ScoreCalculationService - Calculating score for KR 'Качество описания бизнес-процессов (% ошибок)': actual=11.0, type=LOWER_BETTER, thresholds=[below=20.0, meets=15.0, good=10.0, veryGood=5.0, exceptional=0.0]
2026-03-17 14:42:47.449 DEBUG [http-nio-8080-exec-9] u.g.o.s.ScoreCalculationService - KR 'Качество описания бизнес-процессов (% ошибок)' score result: score=0.47, level=ниже_ожиданий
2026-03-17 14:42:47.449 DEBUG [http-nio-8080-exec-9] u.g.o.s.ScoreCalculationService - Calculating score for KR 'Уровень автоматизации процессов (%)': actual=71.0, type=HIGHER_BETTER, thresholds=[below=50.0, meets=65.0, good=78.0, veryGood=90.0, exceptional=100.0]
2026-03-17 14:42:47.449 DEBUG [http-nio-8080-exec-9] u.g.o.s.ScoreCalculationService - KR 'Уровень автоматизации процессов (%)' score result: score=0.4, level=ниже_ожиданий
2026-03-17 14:42:47.449 DEBUG [http-nio-8080-exec-9] u.g.o.s.ScoreCalculationService - Calculating score for KR 'Качество описания бизнес-процессов (% ошибок)': actual=11.0, type=LOWER_BETTER, thresholds=[below=20.0, meets=15.0, good=10.0, veryGood=5.0, exceptional=0.0]
2026-03-17 14:42:47.449 DEBUG [http-nio-8080-exec-9] u.g.o.s.ScoreCalculationService - KR 'Качество описания бизнес-процессов (% ошибок)' score result: score=0.47, level=ниже_ожиданий
2026-03-17 14:42:47.449 DEBUG [http-nio-8080-exec-9] u.g.o.s.ScoreCalculationService - Calculating score for KR 'Сотрудники, прошедшие обучение Agile/Scrum (%)': actual=90.0, type=HIGHER_BETTER, thresholds=[below=50.0, meets=70.0, good=85.0, veryGood=95.0, exceptional=100.0]
2026-03-17 14:42:47.449 DEBUG [http-nio-8080-exec-9] u.g.o.s.ScoreCalculationService - KR 'Сотрудники, прошедшие обучение Agile/Scrum (%)' score result: score=0.69, level=на_уровне_ожиданий
2026-03-17 14:42:47.450 DEBUG [http-nio-8080-exec-9] u.g.o.s.ScoreCalculationService - Calculating score for KR 'Укомплектованность штата (%)': actual=83.0, type=HIGHER_BETTER, thresholds=[below=60.0, meets=75.0, good=85.0, veryGood=95.0, exceptional=100.0]
2026-03-17 14:42:47.450 DEBUG [http-nio-8080-exec-9] u.g.o.s.ScoreCalculationService - KR 'Укомплектованность штата (%)' score result: score=0.47, level=ниже_ожиданий
2026-03-17 14:42:47.450 DEBUG [http-nio-8080-exec-9] u.g.o.s.ScoreCalculationService - Calculating score for KR 'Сотрудники, прошедшие обучение Agile/Scrum (%)': actual=90.0, type=HIGHER_BETTER, thresholds=[below=50.0, meets=70.0, good=85.0, veryGood=95.0, exceptional=100.0]
2026-03-17 14:42:47.450 DEBUG [http-nio-8080-exec-9] u.g.o.s.ScoreCalculationService - KR 'Сотрудники, прошедшие обучение Agile/Scrum (%)' score result: score=0.69, level=на_уровне_ожиданий
2026-03-17 14:42:47.450 DEBUG [http-nio-8080-exec-9] u.g.o.s.ScoreCalculationService - Calculating score for KR 'Укомплектованность штата (%)': actual=83.0, type=HIGHER_BETTER, thresholds=[below=60.0, meets=75.0, good=85.0, veryGood=95.0, exceptional=100.0]
2026-03-17 14:42:47.450 DEBUG [http-nio-8080-exec-9] u.g.o.s.ScoreCalculationService - KR 'Укомплектованность штата (%)' score result: score=0.47, level=ниже_ожиданий
2026-03-17 14:42:47.450 DEBUG [http-nio-8080-exec-9] u.g.o.s.ScoreCalculationService - Calculating score for KR 'Проведение стратегических сессий с командой (кол-во)': actual=5.0, type=HIGHER_BETTER, thresholds=[below=1.0, meets=2.0, good=4.0, veryGood=6.0, exceptional=8.0]
2026-03-17 14:42:47.450 DEBUG [http-nio-8080-exec-9] u.g.o.s.ScoreCalculationService - KR 'Проведение стратегических сессий с командой (кол-во)' score result: score=0.69, level=на_уровне_ожиданий
2026-03-17 14:42:47.450 DEBUG [http-nio-8080-exec-9] u.g.o.s.ScoreCalculationService - Calculating score for KR 'Удовлетворённость команды руководством (%)': actual=75.0, type=HIGHER_BETTER, thresholds=[below=50.0, meets=60.0, good=70.0, veryGood=80.0, exceptional=90.0]
2026-03-17 14:42:47.450 DEBUG [http-nio-8080-exec-9] u.g.o.s.ScoreCalculationService - KR 'Удовлетворённость команды руководством (%)' score result: score=0.69, level=на_уровне_ожиданий
2026-03-17 14:42:47.450 DEBUG [http-nio-8080-exec-9] u.g.o.s.ScoreCalculationService - Calculating score for KR 'Проведение стратегических сессий с командой (кол-во)': actual=5.0, type=HIGHER_BETTER, thresholds=[below=1.0, meets=2.0, good=4.0, veryGood=6.0, exceptional=8.0]
2026-03-17 14:42:47.450 DEBUG [http-nio-8080-exec-9] u.g.o.s.ScoreCalculationService - KR 'Проведение стратегических сессий с командой (кол-во)' score result: score=0.69, level=на_уровне_ожиданий
2026-03-17 14:42:47.450 DEBUG [http-nio-8080-exec-9] u.g.o.s.ScoreCalculationService - Calculating score for KR 'Удовлетворённость команды руководством (%)': actual=75.0, type=HIGHER_BETTER, thresholds=[below=50.0, meets=60.0, good=70.0, veryGood=80.0, exceptional=90.0]
2026-03-17 14:42:47.450 DEBUG [http-nio-8080-exec-9] u.g.o.s.ScoreCalculationService - KR 'Удовлетворённость команды руководством (%)' score result: score=0.69, level=на_уровне_ожиданий
2026-03-17 14:42:47.450 DEBUG [http-nio-8080-exec-9] u.g.o.s.ScoreCalculationService - Calculating score for KR 'Часы менторинга за квартал (ч)': actual=25.0, type=HIGHER_BETTER, thresholds=[below=5.0, meets=10.0, good=20.0, veryGood=30.0, exceptional=40.0]
2026-03-17 14:42:47.450 DEBUG [http-nio-8080-exec-9] u.g.o.s.ScoreCalculationService - KR 'Часы менторинга за квартал (ч)' score result: score=0.69, level=на_уровне_ожиданий
2026-03-17 14:42:47.450 DEBUG [http-nio-8080-exec-9] u.g.o.s.ScoreCalculationService - Calculating score for KR 'Часы менторинга за квартал (ч)': actual=25.0, type=HIGHER_BETTER, thresholds=[below=5.0, meets=10.0, good=20.0, veryGood=30.0, exceptional=40.0]
2026-03-17 14:42:47.450 DEBUG [http-nio-8080-exec-9] u.g.o.s.ScoreCalculationService - KR 'Часы менторинга за квартал (ч)' score result: score=0.69, level=на_уровне_ожиданий
2026-03-17 14:42:47.450 DEBUG [http-nio-8080-exec-9] u.g.o.s.ScoreCalculationService - Calculating score for KR 'Удовлетворённость команды руководством (%)': actual=75.0, type=HIGHER_BETTER, thresholds=[below=50.0, meets=60.0, good=70.0, veryGood=80.0, exceptional=90.0]
2026-03-17 14:42:47.450 DEBUG [http-nio-8080-exec-9] u.g.o.s.ScoreCalculationService - KR 'Удовлетворённость команды руководством (%)' score result: score=0.69, level=на_уровне_ожиданий
2026-03-17 14:42:47.450 DEBUG [http-nio-8080-exec-9] u.g.o.s.ScoreCalculationService - Calculating score for KR 'Часы менторинга за квартал (ч)': actual=25.0, type=HIGHER_BETTER, thresholds=[below=5.0, meets=10.0, good=20.0, veryGood=30.0, exceptional=40.0]
2026-03-17 14:42:47.450 DEBUG [http-nio-8080-exec-9] u.g.o.s.ScoreCalculationService - KR 'Часы менторинга за квартал (ч)' score result: score=0.69, level=на_уровне_ожиданий
2026-03-17 14:42:47.450 DEBUG [http-nio-8080-exec-9] u.g.o.s.ScoreCalculationService - Calculating score for KR 'Проведение стратегических сессий с командой (кол-во)': actual=5.0, type=HIGHER_BETTER, thresholds=[below=1.0, meets=2.0, good=4.0, veryGood=6.0, exceptional=8.0]
2026-03-17 14:42:47.450 DEBUG [http-nio-8080-exec-9] u.g.o.s.ScoreCalculationService - KR 'Проведение стратегических сессий с командой (кол-во)' score result: score=0.69, level=на_уровне_ожиданий
2026-03-17 14:42:47.450 DEBUG [http-nio-8080-exec-9] u.g.o.s.ScoreCalculationService - Calculating score for KR 'Проведение стратегических сессий с командой (кол-во)': actual=5.0, type=HIGHER_BETTER, thresholds=[below=1.0, meets=2.0, good=4.0, veryGood=6.0, exceptional=8.0]
2026-03-17 14:42:47.450 DEBUG [http-nio-8080-exec-9] u.g.o.s.ScoreCalculationService - KR 'Проведение стратегических сессий с командой (кол-во)' score result: score=0.69, level=на_уровне_ожиданий
2026-03-17 14:42:47.450 DEBUG [http-nio-8080-exec-9] u.g.o.s.ScoreCalculationService - Calculating score for KR 'Удовлетворённость команды руководством (%)': actual=75.0, type=HIGHER_BETTER, thresholds=[below=50.0, meets=60.0, good=70.0, veryGood=80.0, exceptional=90.0]
2026-03-17 14:42:47.450 DEBUG [http-nio-8080-exec-9] u.g.o.s.ScoreCalculationService - KR 'Удовлетворённость команды руководством (%)' score result: score=0.69, level=на_уровне_ожиданий
2026-03-17 14:42:47.450 DEBUG [http-nio-8080-exec-9] u.g.o.s.ScoreCalculationService - Calculating score for KR 'Часы менторинга за квартал (ч)': actual=25.0, type=HIGHER_BETTER, thresholds=[below=5.0, meets=10.0, good=20.0, veryGood=30.0, exceptional=40.0]
2026-03-17 14:42:47.450 DEBUG [http-nio-8080-exec-9] u.g.o.s.ScoreCalculationService - KR 'Часы менторинга за квартал (ч)' score result: score=0.69, level=на_уровне_ожиданий
2026-03-17 14:42:47.450 DEBUG [http-nio-8080-exec-9] org.hibernate.SQL - 
    select
        og1_0.id,
        og1_0.created_at,
        og1_0.department_id,
        og1_0.leader_id,
        og1_0.name,
        o1_0.group_id,
        o1_0.id,
        o1_0.created_at,
        o1_0.department_id,
        o1_0.division_id,
        o1_0.employee_id,
        kr1_0.objective_id,
        kr1_0.id,
        kr1_0.active,
        kr1_0.actual_value,
        kr1_0.attachment_file_name,
        kr1_0.attachment_url,
        kr1_0.description,
        kr1_0.metric_type,
        kr1_0.name,
        kr1_0.progress,
        kr1_0.threshold_below,
        kr1_0.threshold_exceptional,
        kr1_0.threshold_good,
        kr1_0.threshold_meets,
        kr1_0.threshold_very_good,
        kr1_0.unit,
        kr1_0.weight,
        o1_0.level,
        o1_0.name,
        o1_0.weight,
        og1_0.updated_at 
    from
        org_groups og1_0 
    left join
        objectives o1_0 
            on og1_0.id=o1_0.group_id 
    left join
        key_results kr1_0 
            on o1_0.id=kr1_0.objective_id 
    where
        og1_0.department_id=? 
    order by
        o1_0.created_at,
        kr1_0.id
2026-03-17 14:42:47.451 TRACE [http-nio-8080-exec-9] org.hibernate.orm.jdbc.bind - binding parameter (1:VARCHAR) <- [74fe876c-8232-4560-b074-c9c0df9dc7a8]
2026-03-17 14:42:47.451 DEBUG [http-nio-8080-exec-9] u.g.o.s.ScoreCalculationService - Calculating score for KR 'Проекты завершённые в срок (%)': actual=75.0, type=HIGHER_BETTER, thresholds=[below=50.0, meets=60.0, good=80.0, veryGood=100.0, exceptional=100.0]
2026-03-17 14:42:47.451 DEBUG [http-nio-8080-exec-9] u.g.o.s.ScoreCalculationService - KR 'Проекты завершённые в срок (%)' score result: score=0.46, level=ниже_ожиданий
2026-03-17 14:42:47.451 DEBUG [http-nio-8080-exec-9] u.g.o.s.ScoreCalculationService - Calculating score for KR 'Точность оценки трудозатрат (%)': actual=70.0, type=HIGHER_BETTER, thresholds=[below=50.0, meets=60.0, good=75.0, veryGood=85.0, exceptional=100.0]
2026-03-17 14:42:47.451 DEBUG [http-nio-8080-exec-9] u.g.o.s.ScoreCalculationService - KR 'Точность оценки трудозатрат (%)' score result: score=0.44, level=ниже_ожиданий
2026-03-17 14:42:47.451 DEBUG [http-nio-8080-exec-9] u.g.o.s.ScoreCalculationService - Calculating score for KR 'Проекты завершённые в срок (%)': actual=75.0, type=HIGHER_BETTER, thresholds=[below=50.0, meets=60.0, good=80.0, veryGood=100.0, exceptional=100.0]
2026-03-17 14:42:47.451 DEBUG [http-nio-8080-exec-9] u.g.o.s.ScoreCalculationService - KR 'Проекты завершённые в срок (%)' score result: score=0.46, level=ниже_ожиданий
2026-03-17 14:42:47.451 DEBUG [http-nio-8080-exec-9] u.g.o.s.ScoreCalculationService - Calculating score for KR 'Точность оценки трудозатрат (%)': actual=70.0, type=HIGHER_BETTER, thresholds=[below=50.0, meets=60.0, good=75.0, veryGood=85.0, exceptional=100.0]
2026-03-17 14:42:47.451 DEBUG [http-nio-8080-exec-9] u.g.o.s.ScoreCalculationService - KR 'Точность оценки трудозатрат (%)' score result: score=0.44, level=ниже_ожиданий
2026-03-17 14:42:47.451 DEBUG [http-nio-8080-exec-9] u.g.o.s.ScoreCalculationService - Calculating score for KR 'Проекты завершённые в срок (%)': actual=75.0, type=HIGHER_BETTER, thresholds=[below=50.0, meets=60.0, good=80.0, veryGood=100.0, exceptional=100.0]
2026-03-17 14:42:47.451 DEBUG [http-nio-8080-exec-9] u.g.o.s.ScoreCalculationService - KR 'Проекты завершённые в срок (%)' score result: score=0.46, level=ниже_ожиданий
2026-03-17 14:42:47.451 DEBUG [http-nio-8080-exec-9] u.g.o.s.ScoreCalculationService - Calculating score for KR 'Точность оценки трудозатрат (%)': actual=70.0, type=HIGHER_BETTER, thresholds=[below=50.0, meets=60.0, good=75.0, veryGood=85.0, exceptional=100.0]
2026-03-17 14:42:47.451 DEBUG [http-nio-8080-exec-9] u.g.o.s.ScoreCalculationService - KR 'Точность оценки трудозатрат (%)' score result: score=0.44, level=ниже_ожиданий
2026-03-17 14:42:47.451 DEBUG [http-nio-8080-exec-9] org.hibernate.SQL - 
    select
        og1_0.id,
        og1_0.created_at,
        og1_0.department_id,
        og1_0.leader_id,
        m1_0.group_id,
        m1_1.id,
        m1_1.bio,
        m1_1.can_edit_assigned_departments,
        m1_1.created_at,
        m1_1.email,
        m1_1.full_name,
        m1_1.is_active,
        m1_1.job_title,
        m1_1.last_login,
        m1_1.password,
        m1_1.phone_number,
        m1_1.profile_photo_url,
        m1_1.read_only,
        m1_1.role,
        m1_1.updated_at,
        m1_1.username,
        og1_0.name,
        og1_0.updated_at 
    from
        org_groups og1_0 
    left join
        group_members m1_0 
            on og1_0.id=m1_0.group_id 
    left join
        users m1_1 
            on m1_1.id=m1_0.user_id 
    where
        og1_0.id=?
2026-03-17 14:42:47.451 TRACE [http-nio-8080-exec-9] org.hibernate.orm.jdbc.bind - binding parameter (1:VARCHAR) <- [bf93b718-950f-478e-93cd-f0a38984f841]
2026-03-17 14:42:47.452 DEBUG [http-nio-8080-exec-9] org.hibernate.SQL - 
    select
        distinct u1_0.id,
        ad1_0.user_id,
        ad1_1.id,
        ad1_1.created_at,
        ad1_1.leader_id,
        ad1_1.division_id,
        ad1_1.name,
        ad1_1.updated_at,
        u1_0.bio,
        u1_0.can_edit_assigned_departments,
        u1_0.created_at,
        u1_0.email,
        u1_0.full_name,
        u1_0.is_active,
        u1_0.job_title,
        u1_0.last_login,
        u1_0.password,
        u1_0.phone_number,
        u1_0.profile_photo_url,
        u1_0.read_only,
        u1_0.role,
        u1_0.updated_at,
        u1_0.username 
    from
        users u1_0 
    left join
        user_departments ad1_0 
            on u1_0.id=ad1_0.user_id 
    left join
        department ad1_1 
            on ad1_1.id=ad1_0.department_id 
    where
        u1_0.id in (select
            u2_0.id from users u2_0 
        join
            user_departments ad2_0 
                on u2_0.id=ad2_0.user_id 
        where
            ad2_0.department_id=?)
2026-03-17 14:42:47.452 TRACE [http-nio-8080-exec-9] org.hibernate.orm.jdbc.bind - binding parameter (1:VARCHAR) <- [74fe876c-8232-4560-b074-c9c0df9dc7a8]
2026-03-17 14:42:47.452 DEBUG [http-nio-8080-exec-9] u.g.o.s.ScoreCalculationService - Calculating score for KR 'Переносы сроков задач (% от общего кол-ва)': actual=12.0, type=LOWER_BETTER, thresholds=[below=30.0, meets=20.0, good=15.0, veryGood=5.0, exceptional=0.0]
2026-03-17 14:42:47.452 DEBUG [http-nio-8080-exec-9] u.g.o.s.ScoreCalculationService - KR 'Переносы сроков задач (% от общего кол-ва)' score result: score=0.62, level=на_уровне_ожиданий
2026-03-17 14:42:47.452 DEBUG [http-nio-8080-exec-9] u.g.o.s.ScoreCalculationService - Calculating score for KR 'Задачи в JIRA, завершённые в срок (%)': actual=82.0, type=HIGHER_BETTER, thresholds=[below=50.0, meets=65.0, good=80.0, veryGood=95.0, exceptional=100.0]
2026-03-17 14:42:47.452 DEBUG [http-nio-8080-exec-9] u.g.o.s.ScoreCalculationService - KR 'Задачи в JIRA, завершённые в срок (%)' score result: score=0.56, level=на_уровне_ожиданий
2026-03-17 14:42:47.452 DEBUG [http-nio-8080-exec-9] u.g.o.s.ScoreCalculationService - Calculating score for KR 'Проекты завершённые в срок (% от кол-ва)': actual=78.0, type=HIGHER_BETTER, thresholds=[below=50.0, meets=60.0, good=80.0, veryGood=100.0, exceptional=100.0]
2026-03-17 14:42:47.452 DEBUG [http-nio-8080-exec-9] u.g.o.s.ScoreCalculationService - KR 'Проекты завершённые в срок (% от кол-ва)' score result: score=0.49, level=ниже_ожиданий
2026-03-17 14:42:47.452 DEBUG [http-nio-8080-exec-9] u.g.o.s.ScoreCalculationService - Calculating score for KR 'Неучтённые риски после начала проекта (кол-во)': actual=3.0, type=LOWER_BETTER, thresholds=[below=10.0, meets=5.0, good=2.0, veryGood=1.0, exceptional=0.0]
2026-03-17 14:42:47.452 DEBUG [http-nio-8080-exec-9] u.g.o.s.ScoreCalculationService - KR 'Неучтённые риски после начала проекта (кол-во)' score result: score=0.44, level=ниже_ожиданий
2026-03-17 14:42:47.452 DEBUG [http-nio-8080-exec-9] u.g.o.s.ScoreCalculationService - Calculating score for KR 'Точность оценки трудозатрат (%)': actual=68.0, type=HIGHER_BETTER, thresholds=[below=50.0, meets=60.0, good=75.0, veryGood=85.0, exceptional=100.0]
2026-03-17 14:42:47.452 DEBUG [http-nio-8080-exec-9] u.g.o.s.ScoreCalculationService - KR 'Точность оценки трудозатрат (%)' score result: score=0.42, level=ниже_ожиданий
2026-03-17 14:42:47.452 DEBUG [http-nio-8080-exec-9] u.g.o.s.ScoreCalculationService - Calculating score for KR 'Проекты в рамках бюджета (% без превышения)': actual=73.0, type=HIGHER_BETTER, thresholds=[below=50.0, meets=60.0, good=75.0, veryGood=90.0, exceptional=100.0]
2026-03-17 14:42:47.452 DEBUG [http-nio-8080-exec-9] u.g.o.s.ScoreCalculationService - KR 'Проекты в рамках бюджета (% без превышения)' score result: score=0.48, level=ниже_ожиданий
2026-03-17 14:42:47.452 DEBUG [http-nio-8080-exec-9] u.g.o.s.ScoreCalculationService - Calculating score for KR 'Процент рисков с планами митигации (%)': actual=72.0, type=HIGHER_BETTER, thresholds=[below=20.0, meets=50.0, good=65.0, veryGood=80.0, exceptional=100.0]
2026-03-17 14:42:47.452 DEBUG [http-nio-8080-exec-9] u.g.o.s.ScoreCalculationService - KR 'Процент рисков с планами митигации (%)' score result: score=0.67, level=на_уровне_ожиданий
2026-03-17 14:42:47.452 DEBUG [http-nio-8080-exec-9] u.g.o.s.ScoreCalculationService - Calculating score for KR 'Уровень автоматизации процессов (%)': actual=71.0, type=HIGHER_BETTER, thresholds=[below=50.0, meets=65.0, good=78.0, veryGood=90.0, exceptional=100.0]
2026-03-17 14:42:47.452 DEBUG [http-nio-8080-exec-9] u.g.o.s.ScoreCalculationService - KR 'Уровень автоматизации процессов (%)' score result: score=0.4, level=ниже_ожиданий
2026-03-17 14:42:47.452 DEBUG [http-nio-8080-exec-9] u.g.o.s.ScoreCalculationService - Calculating score for KR 'Качество описания бизнес-процессов (% ошибок)': actual=11.0, type=LOWER_BETTER, thresholds=[below=20.0, meets=15.0, good=10.0, veryGood=5.0, exceptional=0.0]
2026-03-17 14:42:47.452 DEBUG [http-nio-8080-exec-9] u.g.o.s.ScoreCalculationService - KR 'Качество описания бизнес-процессов (% ошибок)' score result: score=0.47, level=ниже_ожиданий
2026-03-17 14:42:47.452 DEBUG [http-nio-8080-exec-9] u.g.o.s.ScoreCalculationService - Calculating score for KR 'Сотрудники, прошедшие обучение Agile/Scrum (%)': actual=90.0, type=HIGHER_BETTER, thresholds=[below=50.0, meets=70.0, good=85.0, veryGood=95.0, exceptional=100.0]
2026-03-17 14:42:47.452 DEBUG [http-nio-8080-exec-9] u.g.o.s.ScoreCalculationService - KR 'Сотрудники, прошедшие обучение Agile/Scrum (%)' score result: score=0.69, level=на_уровне_ожиданий
2026-03-17 14:42:47.452 DEBUG [http-nio-8080-exec-9] u.g.o.s.ScoreCalculationService - Calculating score for KR 'Укомплектованность штата (%)': actual=83.0, type=HIGHER_BETTER, thresholds=[below=60.0, meets=75.0, good=85.0, veryGood=95.0, exceptional=100.0]
2026-03-17 14:42:47.452 DEBUG [http-nio-8080-exec-9] u.g.o.s.ScoreCalculationService - KR 'Укомплектованность штата (%)' score result: score=0.47, level=ниже_ожиданий
2026-03-17 14:42:47.452 DEBUG [http-nio-8080-exec-9] u.g.o.s.ScoreCalculationService - Calculating score for KR 'Переносы сроков задач (% от общего кол-ва)': actual=12.0, type=LOWER_BETTER, thresholds=[below=30.0, meets=20.0, good=15.0, veryGood=5.0, exceptional=0.0]
2026-03-17 14:42:47.452 DEBUG [http-nio-8080-exec-9] u.g.o.s.ScoreCalculationService - KR 'Переносы сроков задач (% от общего кол-ва)' score result: score=0.62, level=на_уровне_ожиданий
2026-03-17 14:42:47.452 DEBUG [http-nio-8080-exec-9] u.g.o.s.ScoreCalculationService - Calculating score for KR 'Задачи в JIRA, завершённые в срок (%)': actual=82.0, type=HIGHER_BETTER, thresholds=[below=50.0, meets=65.0, good=80.0, veryGood=95.0, exceptional=100.0]
2026-03-17 14:42:47.452 DEBUG [http-nio-8080-exec-9] u.g.o.s.ScoreCalculationService - KR 'Задачи в JIRA, завершённые в срок (%)' score result: score=0.56, level=на_уровне_ожиданий
2026-03-17 14:42:47.452 DEBUG [http-nio-8080-exec-9] u.g.o.s.ScoreCalculationService - Calculating score for KR 'Проекты завершённые в срок (% от кол-ва)': actual=78.0, type=HIGHER_BETTER, thresholds=[below=50.0, meets=60.0, good=80.0, veryGood=100.0, exceptional=100.0]
2026-03-17 14:42:47.452 DEBUG [http-nio-8080-exec-9] u.g.o.s.ScoreCalculationService - KR 'Проекты завершённые в срок (% от кол-ва)' score result: score=0.49, level=ниже_ожиданий
2026-03-17 14:42:47.452 DEBUG [http-nio-8080-exec-9] u.g.o.s.ScoreCalculationService - Calculating score for KR 'Неучтённые риски после начала проекта (кол-во)': actual=3.0, type=LOWER_BETTER, thresholds=[below=10.0, meets=5.0, good=2.0, veryGood=1.0, exceptional=0.0]
2026-03-17 14:42:47.452 DEBUG [http-nio-8080-exec-9] u.g.o.s.ScoreCalculationService - KR 'Неучтённые риски после начала проекта (кол-во)' score result: score=0.44, level=ниже_ожиданий
2026-03-17 14:42:47.452 DEBUG [http-nio-8080-exec-9] u.g.o.s.ScoreCalculationService - Calculating score for KR 'Точность оценки трудозатрат (%)': actual=68.0, type=HIGHER_BETTER, thresholds=[below=50.0, meets=60.0, good=75.0, veryGood=85.0, exceptional=100.0]
2026-03-17 14:42:47.452 DEBUG [http-nio-8080-exec-9] u.g.o.s.ScoreCalculationService - KR 'Точность оценки трудозатрат (%)' score result: score=0.42, level=ниже_ожиданий
2026-03-17 14:42:47.452 DEBUG [http-nio-8080-exec-9] u.g.o.s.ScoreCalculationService - Calculating score for KR 'Проекты в рамках бюджета (% без превышения)': actual=73.0, type=HIGHER_BETTER, thresholds=[below=50.0, meets=60.0, good=75.0, veryGood=90.0, exceptional=100.0]
2026-03-17 14:42:47.452 DEBUG [http-nio-8080-exec-9] u.g.o.s.ScoreCalculationService - KR 'Проекты в рамках бюджета (% без превышения)' score result: score=0.48, level=ниже_ожиданий
2026-03-17 14:42:47.452 DEBUG [http-nio-8080-exec-9] u.g.o.s.ScoreCalculationService - Calculating score for KR 'Процент рисков с планами митигации (%)': actual=72.0, type=HIGHER_BETTER, thresholds=[below=20.0, meets=50.0, good=65.0, veryGood=80.0, exceptional=100.0]
2026-03-17 14:42:47.452 DEBUG [http-nio-8080-exec-9] u.g.o.s.ScoreCalculationService - KR 'Процент рисков с планами митигации (%)' score result: score=0.67, level=на_уровне_ожиданий
2026-03-17 14:42:47.452 DEBUG [http-nio-8080-exec-9] u.g.o.s.ScoreCalculationService - Calculating score for KR 'Уровень автоматизации процессов (%)': actual=71.0, type=HIGHER_BETTER, thresholds=[below=50.0, meets=65.0, good=78.0, veryGood=90.0, exceptional=100.0]
2026-03-17 14:42:47.452 DEBUG [http-nio-8080-exec-9] u.g.o.s.ScoreCalculationService - KR 'Уровень автоматизации процессов (%)' score result: score=0.4, level=ниже_ожиданий
2026-03-17 14:42:47.452 DEBUG [http-nio-8080-exec-9] u.g.o.s.ScoreCalculationService - Calculating score for KR 'Качество описания бизнес-процессов (% ошибок)': actual=11.0, type=LOWER_BETTER, thresholds=[below=20.0, meets=15.0, good=10.0, veryGood=5.0, exceptional=0.0]
2026-03-17 14:42:47.452 DEBUG [http-nio-8080-exec-9] u.g.o.s.ScoreCalculationService - KR 'Качество описания бизнес-процессов (% ошибок)' score result: score=0.47, level=ниже_ожиданий
2026-03-17 14:42:47.452 DEBUG [http-nio-8080-exec-9] u.g.o.s.ScoreCalculationService - Calculating score for KR 'Сотрудники, прошедшие обучение Agile/Scrum (%)': actual=90.0, type=HIGHER_BETTER, thresholds=[below=50.0, meets=70.0, good=85.0, veryGood=95.0, exceptional=100.0]
2026-03-17 14:42:47.452 DEBUG [http-nio-8080-exec-9] u.g.o.s.ScoreCalculationService - KR 'Сотрудники, прошедшие обучение Agile/Scrum (%)' score result: score=0.69, level=на_уровне_ожиданий
2026-03-17 14:42:47.452 DEBUG [http-nio-8080-exec-9] u.g.o.s.ScoreCalculationService - Calculating score for KR 'Укомплектованность штата (%)': actual=83.0, type=HIGHER_BETTER, thresholds=[below=60.0, meets=75.0, good=85.0, veryGood=95.0, exceptional=100.0]
2026-03-17 14:42:47.452 DEBUG [http-nio-8080-exec-9] u.g.o.s.ScoreCalculationService - KR 'Укомплектованность штата (%)' score result: score=0.47, level=ниже_ожиданий
2026-03-17 14:42:47.452 INFO  [http-nio-8080-exec-9] u.g.o.s.ScoreCalculationService - Fetching evaluations for targetType=DEPARTMENT, targetId=74fe876c-8232-4560-b074-c9c0df9dc7a8
2026-03-17 14:42:47.453 DEBUG [http-nio-8080-exec-9] org.hibernate.SQL - 
    select
        e1_0.id,
        e1_0.comment,
        e1_0.created_at,
        e1_0.evaluator_id,
        e1_0.evaluator_type,
        e1_0.letter_rating,
        e1_0.numeric_rating,
        e1_0.status,
        e1_0.submitted_at,
        e1_0.target_id,
        e1_0.target_type,
        e1_0.updated_at 
    from
        evaluations e1_0 
    where
        e1_0.target_type=? 
        and e1_0.target_id=? 
        and e1_0.status=?
2026-03-17 14:42:47.453 TRACE [http-nio-8080-exec-9] org.hibernate.orm.jdbc.bind - binding parameter (1:VARCHAR) <- [DEPARTMENT]
2026-03-17 14:42:47.453 TRACE [http-nio-8080-exec-9] org.hibernate.orm.jdbc.bind - binding parameter (2:UUID) <- [74fe876c-8232-4560-b074-c9c0df9dc7a8]
2026-03-17 14:42:47.453 TRACE [http-nio-8080-exec-9] org.hibernate.orm.jdbc.bind - binding parameter (3:ENUM) <- [SUBMITTED]
2026-03-17 14:42:47.453 INFO  [http-nio-8080-exec-9] u.g.o.s.ScoreCalculationService - Found 0 submitted evaluations for targetId=74fe876c-8232-4560-b074-c9c0df9dc7a8
2026-03-17 14:42:47.453 DEBUG [http-nio-8080-exec-9] u.g.o.s.ScoreCalculationService - Calculating score for KR 'Новые цифровые фичи выпущены в продакшн (шт)': actual=22.0, type=HIGHER_BETTER, thresholds=[below=5.0, meets=10.0, good=15.0, veryGood=20.0, exceptional=25.0]
2026-03-17 14:42:47.453 DEBUG [http-nio-8080-exec-9] u.g.o.s.ScoreCalculationService - KR 'Новые цифровые фичи выпущены в продакшн (шт)' score result: score=0.92, level=превышает_ожидания
2026-03-17 14:42:47.453 DEBUG [http-nio-8080-exec-9] u.g.o.s.ScoreCalculationService - Calculating score for KR 'Время деплоя новой версии (ч)': actual=1.2, type=LOWER_BETTER, thresholds=[below=8.0, meets=4.0, good=2.0, veryGood=1.0, exceptional=0.5]
2026-03-17 14:42:47.453 DEBUG [http-nio-8080-exec-9] u.g.o.s.ScoreCalculationService - KR 'Время деплоя новой версии (ч)' score result: score=0.79, level=на_уровне_ожиданий
2026-03-17 14:42:47.453 DEBUG [http-nio-8080-exec-9] u.g.o.s.ScoreCalculationService - Calculating score for KR 'Аптайм систем (%)': actual=99.7, type=HIGHER_BETTER, thresholds=[below=95.0, meets=97.0, good=99.0, veryGood=99.5, exceptional=99.9]
2026-03-17 14:42:47.453 DEBUG [http-nio-8080-exec-9] u.g.o.s.ScoreCalculationService - KR 'Аптайм систем (%)' score result: score=0.93, level=превышает_ожидания
2026-03-17 14:42:47.453 DEBUG [http-nio-8080-exec-9] u.g.o.s.ScoreCalculationService - Calculating score for KR 'Новые цифровые фичи выпущены в продакшн (шт)': actual=22.0, type=HIGHER_BETTER, thresholds=[below=5.0, meets=10.0, good=15.0, veryGood=20.0, exceptional=25.0]
2026-03-17 14:42:47.453 DEBUG [http-nio-8080-exec-9] u.g.o.s.ScoreCalculationService - KR 'Новые цифровые фичи выпущены в продакшн (шт)' score result: score=0.92, level=превышает_ожидания
2026-03-17 14:42:47.453 DEBUG [http-nio-8080-exec-9] u.g.o.s.ScoreCalculationService - Calculating score for KR 'Время деплоя новой версии (ч)': actual=1.2, type=LOWER_BETTER, thresholds=[below=8.0, meets=4.0, good=2.0, veryGood=1.0, exceptional=0.5]
2026-03-17 14:42:47.453 DEBUG [http-nio-8080-exec-9] u.g.o.s.ScoreCalculationService - KR 'Время деплоя новой версии (ч)' score result: score=0.79, level=на_уровне_ожиданий
2026-03-17 14:42:47.453 DEBUG [http-nio-8080-exec-9] u.g.o.s.ScoreCalculationService - Calculating score for KR 'Аптайм систем (%)': actual=99.7, type=HIGHER_BETTER, thresholds=[below=95.0, meets=97.0, good=99.0, veryGood=99.5, exceptional=99.9]
2026-03-17 14:42:47.453 DEBUG [http-nio-8080-exec-9] u.g.o.s.ScoreCalculationService - KR 'Аптайм систем (%)' score result: score=0.93, level=превышает_ожидания
2026-03-17 14:42:47.453 DEBUG [http-nio-8080-exec-9] u.g.o.s.ScoreCalculationService - Calculating score for KR 'Критические уязвимости, устранённые в срок (%)': actual=97.0, type=HIGHER_BETTER, thresholds=[below=60.0, meets=75.0, good=88.0, veryGood=95.0, exceptional=100.0]
2026-03-17 14:42:47.453 DEBUG [http-nio-8080-exec-9] u.g.o.s.ScoreCalculationService - KR 'Критические уязвимости, устранённые в срок (%)' score result: score=0.92, level=превышает_ожидания
2026-03-17 14:42:47.453 DEBUG [http-nio-8080-exec-9] u.g.o.s.ScoreCalculationService - Calculating score for KR 'Покрытие кода автотестами (%)': actual=82.0, type=HIGHER_BETTER, thresholds=[below=40.0, meets=55.0, good=68.0, veryGood=80.0, exceptional=90.0]
2026-03-17 14:42:47.453 DEBUG [http-nio-8080-exec-9] u.g.o.s.ScoreCalculationService - KR 'Покрытие кода автотестами (%)' score result: score=0.89, level=превышает_ожидания
2026-03-17 14:42:47.453 DEBUG [http-nio-8080-exec-9] u.g.o.s.ScoreCalculationService - Calculating score for KR 'Критические уязвимости, устранённые в срок (%)': actual=97.0, type=HIGHER_BETTER, thresholds=[below=60.0, meets=75.0, good=88.0, veryGood=95.0, exceptional=100.0]
2026-03-17 14:42:47.453 DEBUG [http-nio-8080-exec-9] u.g.o.s.ScoreCalculationService - KR 'Критические уязвимости, устранённые в срок (%)' score result: score=0.92, level=превышает_ожидания
2026-03-17 14:42:47.453 DEBUG [http-nio-8080-exec-9] u.g.o.s.ScoreCalculationService - Calculating score for KR 'Покрытие кода автотестами (%)': actual=82.0, type=HIGHER_BETTER, thresholds=[below=40.0, meets=55.0, good=68.0, veryGood=80.0, exceptional=90.0]
2026-03-17 14:42:47.453 DEBUG [http-nio-8080-exec-9] u.g.o.s.ScoreCalculationService - KR 'Покрытие кода автотестами (%)' score result: score=0.89, level=превышает_ожидания
2026-03-17 14:42:47.454 DEBUG [http-nio-8080-exec-9] u.g.o.s.ScoreCalculationService - Calculating score for KR 'Среднее время загрузки страницы (сек)': actual=0.8, type=LOWER_BETTER, thresholds=[below=5.0, meets=3.0, good=2.0, veryGood=1.0, exceptional=0.5]
2026-03-17 14:42:47.454 DEBUG [http-nio-8080-exec-9] u.g.o.s.ScoreCalculationService - KR 'Среднее время загрузки страницы (сек)' score result: score=0.92, level=превышает_ожидания
2026-03-17 14:42:47.454 DEBUG [http-nio-8080-exec-9] u.g.o.s.ScoreCalculationService - Calculating score for KR 'Ежемесячные активные пользователи (тыс.)': actual=195.0, type=HIGHER_BETTER, thresholds=[below=50.0, meets=80.0, good=120.0, veryGood=170.0, exceptional=220.0]
2026-03-17 14:42:47.454 DEBUG [http-nio-8080-exec-9] u.g.o.s.ScoreCalculationService - KR 'Ежемесячные активные пользователи (тыс.)' score result: score=0.93, level=превышает_ожидания
2026-03-17 14:42:47.454 DEBUG [http-nio-8080-exec-9] u.g.o.s.ScoreCalculationService - Calculating score for KR 'Рейтинг мобильного приложения (App Store / GP)': actual=4.6, type=HIGHER_BETTER, thresholds=[below=3.5, meets=3.8, good=4.2, veryGood=4.5, exceptional=4.8]
2026-03-17 14:42:47.454 DEBUG [http-nio-8080-exec-9] u.g.o.s.ScoreCalculationService - KR 'Рейтинг мобильного приложения (App Store / GP)' score result: score=0.91, level=превышает_ожидания
2026-03-17 14:42:47.454 DEBUG [http-nio-8080-exec-9] u.g.o.s.ScoreCalculationService - Calculating score for KR 'Среднее время загрузки страницы (сек)': actual=0.8, type=LOWER_BETTER, thresholds=[below=5.0, meets=3.0, good=2.0, veryGood=1.0, exceptional=0.5]
2026-03-17 14:42:47.454 DEBUG [http-nio-8080-exec-9] u.g.o.s.ScoreCalculationService - KR 'Среднее время загрузки страницы (сек)' score result: score=0.92, level=превышает_ожидания
2026-03-17 14:42:47.454 DEBUG [http-nio-8080-exec-9] u.g.o.s.ScoreCalculationService - Calculating score for KR 'Ежемесячные активные пользователи (тыс.)': actual=195.0, type=HIGHER_BETTER, thresholds=[below=50.0, meets=80.0, good=120.0, veryGood=170.0, exceptional=220.0]
2026-03-17 14:42:47.454 DEBUG [http-nio-8080-exec-9] u.g.o.s.ScoreCalculationService - KR 'Ежемесячные активные пользователи (тыс.)' score result: score=0.93, level=превышает_ожидания
2026-03-17 14:42:47.454 DEBUG [http-nio-8080-exec-9] u.g.o.s.ScoreCalculationService - Calculating score for KR 'Рейтинг мобильного приложения (App Store / GP)': actual=4.6, type=HIGHER_BETTER, thresholds=[below=3.5, meets=3.8, good=4.2, veryGood=4.5, exceptional=4.8]
2026-03-17 14:42:47.454 DEBUG [http-nio-8080-exec-9] u.g.o.s.ScoreCalculationService - KR 'Рейтинг мобильного приложения (App Store / GP)' score result: score=0.91, level=превышает_ожидания
2026-03-17 14:42:47.454 DEBUG [http-nio-8080-exec-9] u.g.o.s.ScoreCalculationService - Calculating score for KR 'Документирование ключевых технических решений (%)': actual=88.0, type=HIGHER_BETTER, thresholds=[below=40.0, meets=55.0, good=70.0, veryGood=85.0, exceptional=100.0]
2026-03-17 14:42:47.454 DEBUG [http-nio-8080-exec-9] u.g.o.s.ScoreCalculationService - KR 'Документирование ключевых технических решений (%)' score result: score=0.89, level=превышает_ожидания
2026-03-17 14:42:47.454 DEBUG [http-nio-8080-exec-9] u.g.o.s.ScoreCalculationService - Calculating score for KR 'Проведение архитектурных ревью (кол-во)': actual=7.0, type=HIGHER_BETTER, thresholds=[below=1.0, meets=2.0, good=4.0, veryGood=6.0, exceptional=8.0]
2026-03-17 14:42:47.454 DEBUG [http-nio-8080-exec-9] u.g.o.s.ScoreCalculationService - KR 'Проведение архитектурных ревью (кол-во)' score result: score=0.93, level=превышает_ожидания
2026-03-17 14:42:47.454 DEBUG [http-nio-8080-exec-9] u.g.o.s.ScoreCalculationService - Calculating score for KR 'Среднее время ревью pull-request (ч)': actual=2.5, type=LOWER_BETTER, thresholds=[below=24.0, meets=12.0, good=6.0, veryGood=3.0, exceptional=1.0]
2026-03-17 14:42:47.454 DEBUG [http-nio-8080-exec-9] u.g.o.s.ScoreCalculationService - KR 'Среднее время ревью pull-request (ч)' score result: score=0.9, level=превышает_ожидания
2026-03-17 14:42:47.454 DEBUG [http-nio-8080-exec-9] u.g.o.s.ScoreCalculationService - Calculating score for KR 'Документирование ключевых технических решений (%)': actual=88.0, type=HIGHER_BETTER, thresholds=[below=40.0, meets=55.0, good=70.0, veryGood=85.0, exceptional=100.0]
2026-03-17 14:42:47.454 DEBUG [http-nio-8080-exec-9] u.g.o.s.ScoreCalculationService - KR 'Документирование ключевых технических решений (%)' score result: score=0.89, level=превышает_ожидания
2026-03-17 14:42:47.454 DEBUG [http-nio-8080-exec-9] u.g.o.s.ScoreCalculationService - Calculating score for KR 'Проведение архитектурных ревью (кол-во)': actual=7.0, type=HIGHER_BETTER, thresholds=[below=1.0, meets=2.0, good=4.0, veryGood=6.0, exceptional=8.0]
2026-03-17 14:42:47.454 DEBUG [http-nio-8080-exec-9] u.g.o.s.ScoreCalculationService - KR 'Проведение архитектурных ревью (кол-во)' score result: score=0.93, level=превышает_ожидания
2026-03-17 14:42:47.454 DEBUG [http-nio-8080-exec-9] u.g.o.s.ScoreCalculationService - Calculating score for KR 'Среднее время ревью pull-request (ч)': actual=2.5, type=LOWER_BETTER, thresholds=[below=24.0, meets=12.0, good=6.0, veryGood=3.0, exceptional=1.0]
2026-03-17 14:42:47.454 DEBUG [http-nio-8080-exec-9] u.g.o.s.ScoreCalculationService - KR 'Среднее время ревью pull-request (ч)' score result: score=0.9, level=превышает_ожидания
2026-03-17 14:42:47.454 DEBUG [http-nio-8080-exec-9] u.g.o.s.ScoreCalculationService - Calculating score for KR 'Проведение tech-talk сессий (кол-во)': actual=5.0, type=HIGHER_BETTER, thresholds=[below=1.0, meets=2.0, good=4.0, veryGood=6.0, exceptional=8.0]
2026-03-17 14:42:47.454 DEBUG [http-nio-8080-exec-9] u.g.o.s.ScoreCalculationService - KR 'Проведение tech-talk сессий (кол-во)' score result: score=0.69, level=на_уровне_ожиданий
2026-03-17 14:42:47.454 DEBUG [http-nio-8080-exec-9] u.g.o.s.ScoreCalculationService - Calculating score for KR 'Проведение tech-talk сессий (кол-во)': actual=5.0, type=HIGHER_BETTER, thresholds=[below=1.0, meets=2.0, good=4.0, veryGood=6.0, exceptional=8.0]
2026-03-17 14:42:47.454 DEBUG [http-nio-8080-exec-9] u.g.o.s.ScoreCalculationService - KR 'Проведение tech-talk сессий (кол-во)' score result: score=0.69, level=на_уровне_ожиданий
2026-03-17 14:42:47.455 DEBUG [http-nio-8080-exec-9] u.g.o.s.ScoreCalculationService - Calculating score for KR 'Документирование ключевых технических решений (%)': actual=88.0, type=HIGHER_BETTER, thresholds=[below=40.0, meets=55.0, good=70.0, veryGood=85.0, exceptional=100.0]
2026-03-17 14:42:47.455 DEBUG [http-nio-8080-exec-9] u.g.o.s.ScoreCalculationService - KR 'Документирование ключевых технических решений (%)' score result: score=0.89, level=превышает_ожидания
2026-03-17 14:42:47.455 DEBUG [http-nio-8080-exec-9] u.g.o.s.ScoreCalculationService - Calculating score for KR 'Проведение tech-talk сессий (кол-во)': actual=5.0, type=HIGHER_BETTER, thresholds=[below=1.0, meets=2.0, good=4.0, veryGood=6.0, exceptional=8.0]
2026-03-17 14:42:47.455 DEBUG [http-nio-8080-exec-9] u.g.o.s.ScoreCalculationService - KR 'Проведение tech-talk сессий (кол-во)' score result: score=0.69, level=на_уровне_ожиданий
2026-03-17 14:42:47.455 DEBUG [http-nio-8080-exec-9] u.g.o.s.ScoreCalculationService - Calculating score for KR 'Среднее время ревью pull-request (ч)': actual=2.5, type=LOWER_BETTER, thresholds=[below=24.0, meets=12.0, good=6.0, veryGood=3.0, exceptional=1.0]
2026-03-17 14:42:47.455 DEBUG [http-nio-8080-exec-9] u.g.o.s.ScoreCalculationService - KR 'Среднее время ревью pull-request (ч)' score result: score=0.9, level=превышает_ожидания
2026-03-17 14:42:47.455 DEBUG [http-nio-8080-exec-9] u.g.o.s.ScoreCalculationService - Calculating score for KR 'Проведение архитектурных ревью (кол-во)': actual=7.0, type=HIGHER_BETTER, thresholds=[below=1.0, meets=2.0, good=4.0, veryGood=6.0, exceptional=8.0]
2026-03-17 14:42:47.455 DEBUG [http-nio-8080-exec-9] u.g.o.s.ScoreCalculationService - KR 'Проведение архитектурных ревью (кол-во)' score result: score=0.93, level=превышает_ожидания
2026-03-17 14:42:47.455 DEBUG [http-nio-8080-exec-9] u.g.o.s.ScoreCalculationService - Calculating score for KR 'Документирование ключевых технических решений (%)': actual=88.0, type=HIGHER_BETTER, thresholds=[below=40.0, meets=55.0, good=70.0, veryGood=85.0, exceptional=100.0]
2026-03-17 14:42:47.455 DEBUG [http-nio-8080-exec-9] u.g.o.s.ScoreCalculationService - KR 'Документирование ключевых технических решений (%)' score result: score=0.89, level=превышает_ожидания
2026-03-17 14:42:47.455 DEBUG [http-nio-8080-exec-9] u.g.o.s.ScoreCalculationService - Calculating score for KR 'Проведение архитектурных ревью (кол-во)': actual=7.0, type=HIGHER_BETTER, thresholds=[below=1.0, meets=2.0, good=4.0, veryGood=6.0, exceptional=8.0]
2026-03-17 14:42:47.455 DEBUG [http-nio-8080-exec-9] u.g.o.s.ScoreCalculationService - KR 'Проведение архитектурных ревью (кол-во)' score result: score=0.93, level=превышает_ожидания
2026-03-17 14:42:47.455 DEBUG [http-nio-8080-exec-9] u.g.o.s.ScoreCalculationService - Calculating score for KR 'Среднее время ревью pull-request (ч)': actual=2.5, type=LOWER_BETTER, thresholds=[below=24.0, meets=12.0, good=6.0, veryGood=3.0, exceptional=1.0]
2026-03-17 14:42:47.455 DEBUG [http-nio-8080-exec-9] u.g.o.s.ScoreCalculationService - KR 'Среднее время ревью pull-request (ч)' score result: score=0.9, level=превышает_ожидания
2026-03-17 14:42:47.455 DEBUG [http-nio-8080-exec-9] u.g.o.s.ScoreCalculationService - Calculating score for KR 'Проведение tech-talk сессий (кол-во)': actual=5.0, type=HIGHER_BETTER, thresholds=[below=1.0, meets=2.0, good=4.0, veryGood=6.0, exceptional=8.0]
2026-03-17 14:42:47.455 DEBUG [http-nio-8080-exec-9] u.g.o.s.ScoreCalculationService - KR 'Проведение tech-talk сессий (кол-во)' score result: score=0.69, level=на_уровне_ожиданий
2026-03-17 14:42:47.455 DEBUG [http-nio-8080-exec-9] org.hibernate.SQL - 
    select
        og1_0.id,
        og1_0.created_at,
        og1_0.department_id,
        og1_0.leader_id,
        og1_0.name,
        o1_0.group_id,
        o1_0.id,
        o1_0.created_at,
        o1_0.department_id,
        o1_0.division_id,
        o1_0.employee_id,
        kr1_0.objective_id,
        kr1_0.id,
        kr1_0.active,
        kr1_0.actual_value,
        kr1_0.attachment_file_name,
        kr1_0.attachment_url,
        kr1_0.description,
        kr1_0.metric_type,
        kr1_0.name,
        kr1_0.progress,
        kr1_0.threshold_below,
        kr1_0.threshold_exceptional,
        kr1_0.threshold_good,
        kr1_0.threshold_meets,
        kr1_0.threshold_very_good,
        kr1_0.unit,
        kr1_0.weight,
        o1_0.level,
        o1_0.name,
        o1_0.weight,
        og1_0.updated_at 
    from
        org_groups og1_0 
    left join
        objectives o1_0 
            on og1_0.id=o1_0.group_id 
    left join
        key_results kr1_0 
            on o1_0.id=kr1_0.objective_id 
    where
        og1_0.department_id=? 
    order by
        o1_0.created_at,
        kr1_0.id
2026-03-17 14:42:47.455 TRACE [http-nio-8080-exec-9] org.hibernate.orm.jdbc.bind - binding parameter (1:VARCHAR) <- [a569ab85-0805-4e71-826c-53e97f257d89]
2026-03-17 14:42:47.456 DEBUG [http-nio-8080-exec-9] u.g.o.s.ScoreCalculationService - Calculating score for KR 'Количество критических багов в продакшн': actual=2.0, type=LOWER_BETTER, thresholds=[below=10.0, meets=6.0, good=3.0, veryGood=1.0, exceptional=0.0]
2026-03-17 14:42:47.456 DEBUG [http-nio-8080-exec-9] u.g.o.s.ScoreCalculationService - KR 'Количество критических багов в продакшн' score result: score=0.69, level=на_уровне_ожиданий
2026-03-17 14:42:47.456 DEBUG [http-nio-8080-exec-9] u.g.o.s.ScoreCalculationService - Calculating score for KR 'Покрытие кода тестами (%)': actual=78.0, type=HIGHER_BETTER, thresholds=[below=40.0, meets=55.0, good=68.0, veryGood=80.0, exceptional=90.0]
2026-03-17 14:42:47.456 DEBUG [http-nio-8080-exec-9] u.g.o.s.ScoreCalculationService - KR 'Покрытие кода тестами (%)' score result: score=0.8, level=на_уровне_ожиданий
2026-03-17 14:42:47.456 DEBUG [http-nio-8080-exec-9] u.g.o.s.ScoreCalculationService - Calculating score for KR 'Количество критических багов в продакшн': actual=2.0, type=LOWER_BETTER, thresholds=[below=10.0, meets=6.0, good=3.0, veryGood=1.0, exceptional=0.0]
2026-03-17 14:42:47.456 DEBUG [http-nio-8080-exec-9] u.g.o.s.ScoreCalculationService - KR 'Количество критических багов в продакшн' score result: score=0.69, level=на_уровне_ожиданий
2026-03-17 14:42:47.456 DEBUG [http-nio-8080-exec-9] u.g.o.s.ScoreCalculationService - Calculating score for KR 'Покрытие кода тестами (%)': actual=78.0, type=HIGHER_BETTER, thresholds=[below=40.0, meets=55.0, good=68.0, veryGood=80.0, exceptional=90.0]
2026-03-17 14:42:47.456 DEBUG [http-nio-8080-exec-9] u.g.o.s.ScoreCalculationService - KR 'Покрытие кода тестами (%)' score result: score=0.8, level=на_уровне_ожиданий
2026-03-17 14:42:47.456 DEBUG [http-nio-8080-exec-9] u.g.o.s.ScoreCalculationService - Calculating score for KR 'Внедрение новых технологий (шт)': actual=3.0, type=HIGHER_BETTER, thresholds=[below=1.0, meets=2.0, good=3.0, veryGood=4.0, exceptional=5.0]
2026-03-17 14:42:47.456 DEBUG [http-nio-8080-exec-9] u.g.o.s.ScoreCalculationService - KR 'Внедрение новых технологий (шт)' score result: score=0.51, level=на_уровне_ожиданий
2026-03-17 14:42:47.456 DEBUG [http-nio-8080-exec-9] u.g.o.s.ScoreCalculationService - Calculating score for KR 'Внедрение новых технологий (шт)': actual=3.0, type=HIGHER_BETTER, thresholds=[below=1.0, meets=2.0, good=3.0, veryGood=4.0, exceptional=5.0]
2026-03-17 14:42:47.456 DEBUG [http-nio-8080-exec-9] u.g.o.s.ScoreCalculationService - KR 'Внедрение новых технологий (шт)' score result: score=0.51, level=на_уровне_ожиданий
2026-03-17 14:42:47.456 DEBUG [http-nio-8080-exec-9] u.g.o.s.ScoreCalculationService - Calculating score for KR 'Количество критических багов в продакшн': actual=2.0, type=LOWER_BETTER, thresholds=[below=10.0, meets=6.0, good=3.0, veryGood=1.0, exceptional=0.0]
2026-03-17 14:42:47.456 DEBUG [http-nio-8080-exec-9] u.g.o.s.ScoreCalculationService - KR 'Количество критических багов в продакшн' score result: score=0.69, level=на_уровне_ожиданий
2026-03-17 14:42:47.456 DEBUG [http-nio-8080-exec-9] u.g.o.s.ScoreCalculationService - Calculating score for KR 'Покрытие кода тестами (%)': actual=78.0, type=HIGHER_BETTER, thresholds=[below=40.0, meets=55.0, good=68.0, veryGood=80.0, exceptional=90.0]
2026-03-17 14:42:47.456 DEBUG [http-nio-8080-exec-9] u.g.o.s.ScoreCalculationService - KR 'Покрытие кода тестами (%)' score result: score=0.8, level=на_уровне_ожиданий
2026-03-17 14:42:47.456 DEBUG [http-nio-8080-exec-9] u.g.o.s.ScoreCalculationService - Calculating score for KR 'Внедрение новых технологий (шт)': actual=3.0, type=HIGHER_BETTER, thresholds=[below=1.0, meets=2.0, good=3.0, veryGood=4.0, exceptional=5.0]
2026-03-17 14:42:47.456 DEBUG [http-nio-8080-exec-9] u.g.o.s.ScoreCalculationService - KR 'Внедрение новых технологий (шт)' score result: score=0.51, level=на_уровне_ожиданий
2026-03-17 14:42:47.456 DEBUG [http-nio-8080-exec-9] org.hibernate.SQL - 
    select
        og1_0.id,
        og1_0.created_at,
        og1_0.department_id,
        og1_0.leader_id,
        m1_0.group_id,
        m1_1.id,
        m1_1.bio,
        m1_1.can_edit_assigned_departments,
        m1_1.created_at,
        m1_1.email,
        m1_1.full_name,
        m1_1.is_active,
        m1_1.job_title,
        m1_1.last_login,
        m1_1.password,
        m1_1.phone_number,
        m1_1.profile_photo_url,
        m1_1.read_only,
        m1_1.role,
        m1_1.updated_at,
        m1_1.username,
        og1_0.name,
        og1_0.updated_at 
    from
        org_groups og1_0 
    left join
        group_members m1_0 
            on og1_0.id=m1_0.group_id 
    left join
        users m1_1 
            on m1_1.id=m1_0.user_id 
    where
        og1_0.id=?
2026-03-17 14:42:47.456 TRACE [http-nio-8080-exec-9] org.hibernate.orm.jdbc.bind - binding parameter (1:VARCHAR) <- [8aedc464-4b28-4514-8589-3a7b4c520380]
2026-03-17 14:42:47.456 DEBUG [http-nio-8080-exec-9] u.g.o.s.ScoreCalculationService - Calculating score for KR 'Среднее время загрузки страницы (сек)': actual=1.1, type=LOWER_BETTER, thresholds=[below=5.0, meets=3.0, good=2.0, veryGood=1.0, exceptional=0.5]
2026-03-17 14:42:47.456 DEBUG [http-nio-8080-exec-9] u.g.o.s.ScoreCalculationService - KR 'Среднее время загрузки страницы (сек)' score result: score=0.83, level=на_уровне_ожиданий
2026-03-17 14:42:47.456 DEBUG [http-nio-8080-exec-9] u.g.o.s.ScoreCalculationService - Calculating score for KR 'Рейтинг мобильного приложения (★)': actual=4.4, type=HIGHER_BETTER, thresholds=[below=3.5, meets=3.8, good=4.2, veryGood=4.5, exceptional=4.8]
2026-03-17 14:42:47.457 DEBUG [http-nio-8080-exec-9] u.g.o.s.ScoreCalculationService - KR 'Рейтинг мобильного приложения (★)' score result: score=0.74, level=на_уровне_ожиданий
2026-03-17 14:42:47.457 DEBUG [http-nio-8080-exec-9] u.g.o.s.ScoreCalculationService - Calculating score for KR 'Среднее время загрузки страницы (сек)': actual=1.1, type=LOWER_BETTER, thresholds=[below=5.0, meets=3.0, good=2.0, veryGood=1.0, exceptional=0.5]
2026-03-17 14:42:47.457 DEBUG [http-nio-8080-exec-9] u.g.o.s.ScoreCalculationService - KR 'Среднее время загрузки страницы (сек)' score result: score=0.83, level=на_уровне_ожиданий
2026-03-17 14:42:47.457 DEBUG [http-nio-8080-exec-9] u.g.o.s.ScoreCalculationService - Calculating score for KR 'Рейтинг мобильного приложения (★)': actual=4.4, type=HIGHER_BETTER, thresholds=[below=3.5, meets=3.8, good=4.2, veryGood=4.5, exceptional=4.8]
2026-03-17 14:42:47.457 DEBUG [http-nio-8080-exec-9] u.g.o.s.ScoreCalculationService - KR 'Рейтинг мобильного приложения (★)' score result: score=0.74, level=на_уровне_ожиданий
2026-03-17 14:42:47.457 DEBUG [http-nio-8080-exec-9] u.g.o.s.ScoreCalculationService - Calculating score for KR 'Среднее время загрузки страницы (сек)': actual=1.1, type=LOWER_BETTER, thresholds=[below=5.0, meets=3.0, good=2.0, veryGood=1.0, exceptional=0.5]
2026-03-17 14:42:47.457 DEBUG [http-nio-8080-exec-9] u.g.o.s.ScoreCalculationService - KR 'Среднее время загрузки страницы (сек)' score result: score=0.83, level=на_уровне_ожиданий
2026-03-17 14:42:47.457 DEBUG [http-nio-8080-exec-9] u.g.o.s.ScoreCalculationService - Calculating score for KR 'Рейтинг мобильного приложения (★)': actual=4.4, type=HIGHER_BETTER, thresholds=[below=3.5, meets=3.8, good=4.2, veryGood=4.5, exceptional=4.8]
2026-03-17 14:42:47.457 DEBUG [http-nio-8080-exec-9] u.g.o.s.ScoreCalculationService - KR 'Рейтинг мобильного приложения (★)' score result: score=0.74, level=на_уровне_ожиданий
2026-03-17 14:42:47.457 DEBUG [http-nio-8080-exec-9] org.hibernate.SQL - 
    select
        og1_0.id,
        og1_0.created_at,
        og1_0.department_id,
        og1_0.leader_id,
        m1_0.group_id,
        m1_1.id,
        m1_1.bio,
        m1_1.can_edit_assigned_departments,
        m1_1.created_at,
        m1_1.email,
        m1_1.full_name,
        m1_1.is_active,
        m1_1.job_title,
        m1_1.last_login,
        m1_1.password,
        m1_1.phone_number,
        m1_1.profile_photo_url,
        m1_1.read_only,
        m1_1.role,
        m1_1.updated_at,
        m1_1.username,
        og1_0.name,
        og1_0.updated_at 
    from
        org_groups og1_0 
    left join
        group_members m1_0 
            on og1_0.id=m1_0.group_id 
    left join
        users m1_1 
            on m1_1.id=m1_0.user_id 
    where
        og1_0.id=?
2026-03-17 14:42:47.457 TRACE [http-nio-8080-exec-9] org.hibernate.orm.jdbc.bind - binding parameter (1:VARCHAR) <- [95fed4a9-f6a1-46f9-b59c-cc5a633e6146]
2026-03-17 14:42:47.457 DEBUG [http-nio-8080-exec-9] org.hibernate.SQL - 
    select
        distinct u1_0.id,
        ad1_0.user_id,
        ad1_1.id,
        ad1_1.created_at,
        ad1_1.leader_id,
        ad1_1.division_id,
        ad1_1.name,
        ad1_1.updated_at,
        u1_0.bio,
        u1_0.can_edit_assigned_departments,
        u1_0.created_at,
        u1_0.email,
        u1_0.full_name,
        u1_0.is_active,
        u1_0.job_title,
        u1_0.last_login,
        u1_0.password,
        u1_0.phone_number,
        u1_0.profile_photo_url,
        u1_0.read_only,
        u1_0.role,
        u1_0.updated_at,
        u1_0.username 
    from
        users u1_0 
    left join
        user_departments ad1_0 
            on u1_0.id=ad1_0.user_id 
    left join
        department ad1_1 
            on ad1_1.id=ad1_0.department_id 
    where
        u1_0.id in (select
            u2_0.id from users u2_0 
        join
            user_departments ad2_0 
                on u2_0.id=ad2_0.user_id 
        where
            ad2_0.department_id=?)
2026-03-17 14:42:47.457 TRACE [http-nio-8080-exec-9] org.hibernate.orm.jdbc.bind - binding parameter (1:VARCHAR) <- [a569ab85-0805-4e71-826c-53e97f257d89]
2026-03-17 14:42:47.458 DEBUG [http-nio-8080-exec-9] u.g.o.s.ScoreCalculationService - Calculating score for KR 'Новые цифровые фичи выпущены в продакшн (шт)': actual=22.0, type=HIGHER_BETTER, thresholds=[below=5.0, meets=10.0, good=15.0, veryGood=20.0, exceptional=25.0]
2026-03-17 14:42:47.458 DEBUG [http-nio-8080-exec-9] u.g.o.s.ScoreCalculationService - KR 'Новые цифровые фичи выпущены в продакшн (шт)' score result: score=0.92, level=превышает_ожидания
2026-03-17 14:42:47.458 DEBUG [http-nio-8080-exec-9] u.g.o.s.ScoreCalculationService - Calculating score for KR 'Время деплоя новой версии (ч)': actual=1.2, type=LOWER_BETTER, thresholds=[below=8.0, meets=4.0, good=2.0, veryGood=1.0, exceptional=0.5]
2026-03-17 14:42:47.458 DEBUG [http-nio-8080-exec-9] u.g.o.s.ScoreCalculationService - KR 'Время деплоя новой версии (ч)' score result: score=0.79, level=на_уровне_ожиданий
2026-03-17 14:42:47.458 DEBUG [http-nio-8080-exec-9] u.g.o.s.ScoreCalculationService - Calculating score for KR 'Аптайм систем (%)': actual=99.7, type=HIGHER_BETTER, thresholds=[below=95.0, meets=97.0, good=99.0, veryGood=99.5, exceptional=99.9]
2026-03-17 14:42:47.458 DEBUG [http-nio-8080-exec-9] u.g.o.s.ScoreCalculationService - KR 'Аптайм систем (%)' score result: score=0.93, level=превышает_ожидания
2026-03-17 14:42:47.458 DEBUG [http-nio-8080-exec-9] u.g.o.s.ScoreCalculationService - Calculating score for KR 'Критические уязвимости, устранённые в срок (%)': actual=97.0, type=HIGHER_BETTER, thresholds=[below=60.0, meets=75.0, good=88.0, veryGood=95.0, exceptional=100.0]
2026-03-17 14:42:47.458 DEBUG [http-nio-8080-exec-9] u.g.o.s.ScoreCalculationService - KR 'Критические уязвимости, устранённые в срок (%)' score result: score=0.92, level=превышает_ожидания
2026-03-17 14:42:47.458 DEBUG [http-nio-8080-exec-9] u.g.o.s.ScoreCalculationService - Calculating score for KR 'Покрытие кода автотестами (%)': actual=82.0, type=HIGHER_BETTER, thresholds=[below=40.0, meets=55.0, good=68.0, veryGood=80.0, exceptional=90.0]
2026-03-17 14:42:47.458 DEBUG [http-nio-8080-exec-9] u.g.o.s.ScoreCalculationService - KR 'Покрытие кода автотестами (%)' score result: score=0.89, level=превышает_ожидания
2026-03-17 14:42:47.458 DEBUG [http-nio-8080-exec-9] u.g.o.s.ScoreCalculationService - Calculating score for KR 'Среднее время загрузки страницы (сек)': actual=0.8, type=LOWER_BETTER, thresholds=[below=5.0, meets=3.0, good=2.0, veryGood=1.0, exceptional=0.5]
2026-03-17 14:42:47.458 DEBUG [http-nio-8080-exec-9] u.g.o.s.ScoreCalculationService - KR 'Среднее время загрузки страницы (сек)' score result: score=0.92, level=превышает_ожидания
2026-03-17 14:42:47.458 DEBUG [http-nio-8080-exec-9] u.g.o.s.ScoreCalculationService - Calculating score for KR 'Ежемесячные активные пользователи (тыс.)': actual=195.0, type=HIGHER_BETTER, thresholds=[below=50.0, meets=80.0, good=120.0, veryGood=170.0, exceptional=220.0]
2026-03-17 14:42:47.458 DEBUG [http-nio-8080-exec-9] u.g.o.s.ScoreCalculationService - KR 'Ежемесячные активные пользователи (тыс.)' score result: score=0.93, level=превышает_ожидания
2026-03-17 14:42:47.458 DEBUG [http-nio-8080-exec-9] u.g.o.s.ScoreCalculationService - Calculating score for KR 'Рейтинг мобильного приложения (App Store / GP)': actual=4.6, type=HIGHER_BETTER, thresholds=[below=3.5, meets=3.8, good=4.2, veryGood=4.5, exceptional=4.8]
2026-03-17 14:42:47.458 DEBUG [http-nio-8080-exec-9] u.g.o.s.ScoreCalculationService - KR 'Рейтинг мобильного приложения (App Store / GP)' score result: score=0.91, level=превышает_ожидания
2026-03-17 14:42:47.458 DEBUG [http-nio-8080-exec-9] u.g.o.s.ScoreCalculationService - Calculating score for KR 'Новые цифровые фичи выпущены в продакшн (шт)': actual=22.0, type=HIGHER_BETTER, thresholds=[below=5.0, meets=10.0, good=15.0, veryGood=20.0, exceptional=25.0]
2026-03-17 14:42:47.458 DEBUG [http-nio-8080-exec-9] u.g.o.s.ScoreCalculationService - KR 'Новые цифровые фичи выпущены в продакшн (шт)' score result: score=0.92, level=превышает_ожидания
2026-03-17 14:42:47.458 DEBUG [http-nio-8080-exec-9] u.g.o.s.ScoreCalculationService - Calculating score for KR 'Время деплоя новой версии (ч)': actual=1.2, type=LOWER_BETTER, thresholds=[below=8.0, meets=4.0, good=2.0, veryGood=1.0, exceptional=0.5]
2026-03-17 14:42:47.458 DEBUG [http-nio-8080-exec-9] u.g.o.s.ScoreCalculationService - KR 'Время деплоя новой версии (ч)' score result: score=0.79, level=на_уровне_ожиданий
2026-03-17 14:42:47.458 DEBUG [http-nio-8080-exec-9] u.g.o.s.ScoreCalculationService - Calculating score for KR 'Аптайм систем (%)': actual=99.7, type=HIGHER_BETTER, thresholds=[below=95.0, meets=97.0, good=99.0, veryGood=99.5, exceptional=99.9]
2026-03-17 14:42:47.458 DEBUG [http-nio-8080-exec-9] u.g.o.s.ScoreCalculationService - KR 'Аптайм систем (%)' score result: score=0.93, level=превышает_ожидания
2026-03-17 14:42:47.458 DEBUG [http-nio-8080-exec-9] u.g.o.s.ScoreCalculationService - Calculating score for KR 'Критические уязвимости, устранённые в срок (%)': actual=97.0, type=HIGHER_BETTER, thresholds=[below=60.0, meets=75.0, good=88.0, veryGood=95.0, exceptional=100.0]
2026-03-17 14:42:47.458 DEBUG [http-nio-8080-exec-9] u.g.o.s.ScoreCalculationService - KR 'Критические уязвимости, устранённые в срок (%)' score result: score=0.92, level=превышает_ожидания
2026-03-17 14:42:47.458 DEBUG [http-nio-8080-exec-9] u.g.o.s.ScoreCalculationService - Calculating score for KR 'Покрытие кода автотестами (%)': actual=82.0, type=HIGHER_BETTER, thresholds=[below=40.0, meets=55.0, good=68.0, veryGood=80.0, exceptional=90.0]
2026-03-17 14:42:47.458 DEBUG [http-nio-8080-exec-9] u.g.o.s.ScoreCalculationService - KR 'Покрытие кода автотестами (%)' score result: score=0.89, level=превышает_ожидания
2026-03-17 14:42:47.458 DEBUG [http-nio-8080-exec-9] u.g.o.s.ScoreCalculationService - Calculating score for KR 'Среднее время загрузки страницы (сек)': actual=0.8, type=LOWER_BETTER, thresholds=[below=5.0, meets=3.0, good=2.0, veryGood=1.0, exceptional=0.5]
2026-03-17 14:42:47.458 DEBUG [http-nio-8080-exec-9] u.g.o.s.ScoreCalculationService - KR 'Среднее время загрузки страницы (сек)' score result: score=0.92, level=превышает_ожидания
2026-03-17 14:42:47.458 DEBUG [http-nio-8080-exec-9] u.g.o.s.ScoreCalculationService - Calculating score for KR 'Ежемесячные активные пользователи (тыс.)': actual=195.0, type=HIGHER_BETTER, thresholds=[below=50.0, meets=80.0, good=120.0, veryGood=170.0, exceptional=220.0]
2026-03-17 14:42:47.458 DEBUG [http-nio-8080-exec-9] u.g.o.s.ScoreCalculationService - KR 'Ежемесячные активные пользователи (тыс.)' score result: score=0.93, level=превышает_ожидания
2026-03-17 14:42:47.458 DEBUG [http-nio-8080-exec-9] u.g.o.s.ScoreCalculationService - Calculating score for KR 'Рейтинг мобильного приложения (App Store / GP)': actual=4.6, type=HIGHER_BETTER, thresholds=[below=3.5, meets=3.8, good=4.2, veryGood=4.5, exceptional=4.8]
2026-03-17 14:42:47.458 DEBUG [http-nio-8080-exec-9] u.g.o.s.ScoreCalculationService - KR 'Рейтинг мобильного приложения (App Store / GP)' score result: score=0.91, level=превышает_ожидания
2026-03-17 14:42:47.458 INFO  [http-nio-8080-exec-9] u.g.o.s.ScoreCalculationService - Fetching evaluations for targetType=DEPARTMENT, targetId=a569ab85-0805-4e71-826c-53e97f257d89
2026-03-17 14:42:47.458 DEBUG [http-nio-8080-exec-9] org.hibernate.SQL - 
    select
        e1_0.id,
        e1_0.comment,
        e1_0.created_at,
        e1_0.evaluator_id,
        e1_0.evaluator_type,
        e1_0.letter_rating,
        e1_0.numeric_rating,
        e1_0.status,
        e1_0.submitted_at,
        e1_0.target_id,
        e1_0.target_type,
        e1_0.updated_at 
    from
        evaluations e1_0 
    where
        e1_0.target_type=? 
        and e1_0.target_id=? 
        and e1_0.status=?
2026-03-17 14:42:47.458 TRACE [http-nio-8080-exec-9] org.hibernate.orm.jdbc.bind - binding parameter (1:VARCHAR) <- [DEPARTMENT]
2026-03-17 14:42:47.458 TRACE [http-nio-8080-exec-9] org.hibernate.orm.jdbc.bind - binding parameter (2:UUID) <- [a569ab85-0805-4e71-826c-53e97f257d89]
2026-03-17 14:42:47.458 TRACE [http-nio-8080-exec-9] org.hibernate.orm.jdbc.bind - binding parameter (3:ENUM) <- [SUBMITTED]
2026-03-17 14:42:47.458 INFO  [http-nio-8080-exec-9] u.g.o.s.ScoreCalculationService - Found 0 submitted evaluations for targetId=a569ab85-0805-4e71-826c-53e97f257d89
2026-03-17 14:42:47.458 DEBUG [http-nio-8080-exec-9] u.g.o.s.ScoreCalculationService - Calculating score for KR 'Доля операций без ошибок (%)': actual=91.0, type=HIGHER_BETTER, thresholds=[below=85.0, meets=90.0, good=95.0, veryGood=98.0, exceptional=100.0]
2026-03-17 14:42:47.458 DEBUG [http-nio-8080-exec-9] u.g.o.s.ScoreCalculationService - KR 'Доля операций без ошибок (%)' score result: score=0.35, level=ниже_ожиданий
2026-03-17 14:42:47.459 DEBUG [http-nio-8080-exec-9] u.g.o.s.ScoreCalculationService - Calculating score for KR 'Время обработки платежей (мин)': actual=35.0, type=LOWER_BETTER, thresholds=[below=60.0, meets=40.0, good=20.0, veryGood=10.0, exceptional=5.0]
2026-03-17 14:42:47.459 DEBUG [http-nio-8080-exec-9] u.g.o.s.ScoreCalculationService - KR 'Время обработки платежей (мин)' score result: score=0.36, level=ниже_ожиданий
2026-03-17 14:42:47.459 DEBUG [http-nio-8080-exec-9] u.g.o.s.ScoreCalculationService - Calculating score for KR 'Доля операций без ошибок (%)': actual=91.0, type=HIGHER_BETTER, thresholds=[below=85.0, meets=90.0, good=95.0, veryGood=98.0, exceptional=100.0]
2026-03-17 14:42:47.459 DEBUG [http-nio-8080-exec-9] u.g.o.s.ScoreCalculationService - KR 'Доля операций без ошибок (%)' score result: score=0.35, level=ниже_ожиданий
2026-03-17 14:42:47.459 DEBUG [http-nio-8080-exec-9] u.g.o.s.ScoreCalculationService - Calculating score for KR 'Время обработки платежей (мин)': actual=35.0, type=LOWER_BETTER, thresholds=[below=60.0, meets=40.0, good=20.0, veryGood=10.0, exceptional=5.0]
2026-03-17 14:42:47.459 DEBUG [http-nio-8080-exec-9] u.g.o.s.ScoreCalculationService - KR 'Время обработки платежей (мин)' score result: score=0.36, level=ниже_ожиданий
2026-03-17 14:42:47.459 DEBUG [http-nio-8080-exec-9] u.g.o.s.ScoreCalculationService - Calculating score for KR 'Нарушения регуляторных требований (кол-во)': actual=5.0, type=LOWER_BETTER, thresholds=[below=10.0, meets=6.0, good=3.0, veryGood=1.0, exceptional=0.0]
2026-03-17 14:42:47.459 DEBUG [http-nio-8080-exec-9] u.g.o.s.ScoreCalculationService - KR 'Нарушения регуляторных требований (кол-во)' score result: score=0.38, level=ниже_ожиданий
2026-03-17 14:42:47.459 DEBUG [http-nio-8080-exec-9] u.g.o.s.ScoreCalculationService - Calculating score for KR 'Отчёты в ЦБ, сданные в срок (%)': actual=82.0, type=HIGHER_BETTER, thresholds=[below=70.0, meets=80.0, good=90.0, veryGood=97.0, exceptional=100.0]
2026-03-17 14:42:47.459 DEBUG [http-nio-8080-exec-9] u.g.o.s.ScoreCalculationService - KR 'Отчёты в ЦБ, сданные в срок (%)' score result: score=0.35, level=ниже_ожиданий
2026-03-17 14:42:47.459 DEBUG [http-nio-8080-exec-9] u.g.o.s.ScoreCalculationService - Calculating score for KR 'Нарушения регуляторных требований (кол-во)': actual=5.0, type=LOWER_BETTER, thresholds=[below=10.0, meets=6.0, good=3.0, veryGood=1.0, exceptional=0.0]
2026-03-17 14:42:47.459 DEBUG [http-nio-8080-exec-9] u.g.o.s.ScoreCalculationService - KR 'Нарушения регуляторных требований (кол-во)' score result: score=0.38, level=ниже_ожиданий
2026-03-17 14:42:47.459 DEBUG [http-nio-8080-exec-9] u.g.o.s.ScoreCalculationService - Calculating score for KR 'Отчёты в ЦБ, сданные в срок (%)': actual=82.0, type=HIGHER_BETTER, thresholds=[below=70.0, meets=80.0, good=90.0, veryGood=97.0, exceptional=100.0]
2026-03-17 14:42:47.459 DEBUG [http-nio-8080-exec-9] u.g.o.s.ScoreCalculationService - KR 'Отчёты в ЦБ, сданные в срок (%)' score result: score=0.35, level=ниже_ожиданий
2026-03-17 14:42:47.459 DEBUG [http-nio-8080-exec-9] u.g.o.s.ScoreCalculationService - Calculating score for KR 'Инциденты операционного риска (кол-во)': actual=9.0, type=LOWER_BETTER, thresholds=[below=15.0, meets=10.0, good=5.0, veryGood=2.0, exceptional=0.0]
2026-03-17 14:42:47.459 DEBUG [http-nio-8080-exec-9] u.g.o.s.ScoreCalculationService - KR 'Инциденты операционного риска (кол-во)' score result: score=0.35, level=ниже_ожиданий
2026-03-17 14:42:47.459 DEBUG [http-nio-8080-exec-9] u.g.o.s.ScoreCalculationService - Calculating score for KR 'Инциденты операционного риска (кол-во)': actual=9.0, type=LOWER_BETTER, thresholds=[below=15.0, meets=10.0, good=5.0, veryGood=2.0, exceptional=0.0]
2026-03-17 14:42:47.459 DEBUG [http-nio-8080-exec-9] u.g.o.s.ScoreCalculationService - KR 'Инциденты операционного риска (кол-во)' score result: score=0.35, level=ниже_ожиданий
2026-03-17 14:42:47.459 DEBUG [http-nio-8080-exec-9] org.hibernate.SQL - 
    select
        og1_0.id,
        og1_0.created_at,
        og1_0.department_id,
        og1_0.leader_id,
        og1_0.name,
        o1_0.group_id,
        o1_0.id,
        o1_0.created_at,
        o1_0.department_id,
        o1_0.division_id,
        o1_0.employee_id,
        kr1_0.objective_id,
        kr1_0.id,
        kr1_0.active,
        kr1_0.actual_value,
        kr1_0.attachment_file_name,
        kr1_0.attachment_url,
        kr1_0.description,
        kr1_0.metric_type,
        kr1_0.name,
        kr1_0.progress,
        kr1_0.threshold_below,
        kr1_0.threshold_exceptional,
        kr1_0.threshold_good,
        kr1_0.threshold_meets,
        kr1_0.threshold_very_good,
        kr1_0.unit,
        kr1_0.weight,
        o1_0.level,
        o1_0.name,
        o1_0.weight,
        og1_0.updated_at 
    from
        org_groups og1_0 
    left join
        objectives o1_0 
            on og1_0.id=o1_0.group_id 
    left join
        key_results kr1_0 
            on o1_0.id=kr1_0.objective_id 
    where
        og1_0.department_id=? 
    order by
        o1_0.created_at,
        kr1_0.id
2026-03-17 14:42:47.459 TRACE [http-nio-8080-exec-9] org.hibernate.orm.jdbc.bind - binding parameter (1:VARCHAR) <- [ae34aefe-a224-4f84-8130-032570d97f97]
2026-03-17 14:42:47.459 DEBUG [http-nio-8080-exec-9] u.g.o.s.ScoreCalculationService - Calculating score for KR 'Доля операций без ошибок (%)': actual=93.0, type=HIGHER_BETTER, thresholds=[below=85.0, meets=90.0, good=95.0, veryGood=98.0, exceptional=100.0]
2026-03-17 14:42:47.459 DEBUG [http-nio-8080-exec-9] u.g.o.s.ScoreCalculationService - KR 'Доля операций без ошибок (%)' score result: score=0.43, level=ниже_ожиданий
2026-03-17 14:42:47.459 DEBUG [http-nio-8080-exec-9] u.g.o.s.ScoreCalculationService - Calculating score for KR 'Время обработки платежей (мин)': actual=25.0, type=LOWER_BETTER, thresholds=[below=60.0, meets=40.0, good=20.0, veryGood=10.0, exceptional=5.0]
2026-03-17 14:42:47.459 DEBUG [http-nio-8080-exec-9] u.g.o.s.ScoreCalculationService - KR 'Время обработки платежей (мин)' score result: score=0.46, level=ниже_ожиданий
2026-03-17 14:42:47.459 DEBUG [http-nio-8080-exec-9] u.g.o.s.ScoreCalculationService - Calculating score for KR 'Доля операций без ошибок (%)': actual=93.0, type=HIGHER_BETTER, thresholds=[below=85.0, meets=90.0, good=95.0, veryGood=98.0, exceptional=100.0]
2026-03-17 14:42:47.459 DEBUG [http-nio-8080-exec-9] u.g.o.s.ScoreCalculationService - KR 'Доля операций без ошибок (%)' score result: score=0.43, level=ниже_ожиданий
2026-03-17 14:42:47.460 DEBUG [http-nio-8080-exec-9] u.g.o.s.ScoreCalculationService - Calculating score for KR 'Время обработки платежей (мин)': actual=25.0, type=LOWER_BETTER, thresholds=[below=60.0, meets=40.0, good=20.0, veryGood=10.0, exceptional=5.0]
2026-03-17 14:42:47.460 DEBUG [http-nio-8080-exec-9] u.g.o.s.ScoreCalculationService - KR 'Время обработки платежей (мин)' score result: score=0.46, level=ниже_ожиданий
2026-03-17 14:42:47.460 DEBUG [http-nio-8080-exec-9] u.g.o.s.ScoreCalculationService - Calculating score for KR 'Доля операций без ошибок (%)': actual=93.0, type=HIGHER_BETTER, thresholds=[below=85.0, meets=90.0, good=95.0, veryGood=98.0, exceptional=100.0]
2026-03-17 14:42:47.460 DEBUG [http-nio-8080-exec-9] u.g.o.s.ScoreCalculationService - KR 'Доля операций без ошибок (%)' score result: score=0.43, level=ниже_ожиданий
2026-03-17 14:42:47.460 DEBUG [http-nio-8080-exec-9] u.g.o.s.ScoreCalculationService - Calculating score for KR 'Время обработки платежей (мин)': actual=25.0, type=LOWER_BETTER, thresholds=[below=60.0, meets=40.0, good=20.0, veryGood=10.0, exceptional=5.0]
2026-03-17 14:42:47.460 DEBUG [http-nio-8080-exec-9] u.g.o.s.ScoreCalculationService - KR 'Время обработки платежей (мин)' score result: score=0.46, level=ниже_ожиданий
2026-03-17 14:42:47.460 DEBUG [http-nio-8080-exec-9] org.hibernate.SQL - 
    select
        og1_0.id,
        og1_0.created_at,
        og1_0.department_id,
        og1_0.leader_id,
        m1_0.group_id,
        m1_1.id,
        m1_1.bio,
        m1_1.can_edit_assigned_departments,
        m1_1.created_at,
        m1_1.email,
        m1_1.full_name,
        m1_1.is_active,
        m1_1.job_title,
        m1_1.last_login,
        m1_1.password,
        m1_1.phone_number,
        m1_1.profile_photo_url,
        m1_1.read_only,
        m1_1.role,
        m1_1.updated_at,
        m1_1.username,
        og1_0.name,
        og1_0.updated_at 
    from
        org_groups og1_0 
    left join
        group_members m1_0 
            on og1_0.id=m1_0.group_id 
    left join
        users m1_1 
            on m1_1.id=m1_0.user_id 
    where
        og1_0.id=?
2026-03-17 14:42:47.460 TRACE [http-nio-8080-exec-9] org.hibernate.orm.jdbc.bind - binding parameter (1:VARCHAR) <- [863033f5-0428-412d-a964-082523efbcdf]
2026-03-17 14:42:47.460 DEBUG [http-nio-8080-exec-9] org.hibernate.SQL - 
    select
        distinct u1_0.id,
        ad1_0.user_id,
        ad1_1.id,
        ad1_1.created_at,
        ad1_1.leader_id,
        ad1_1.division_id,
        ad1_1.name,
        ad1_1.updated_at,
        u1_0.bio,
        u1_0.can_edit_assigned_departments,
        u1_0.created_at,
        u1_0.email,
        u1_0.full_name,
        u1_0.is_active,
        u1_0.job_title,
        u1_0.last_login,
        u1_0.password,
        u1_0.phone_number,
        u1_0.profile_photo_url,
        u1_0.read_only,
        u1_0.role,
        u1_0.updated_at,
        u1_0.username 
    from
        users u1_0 
    left join
        user_departments ad1_0 
            on u1_0.id=ad1_0.user_id 
    left join
        department ad1_1 
            on ad1_1.id=ad1_0.department_id 
    where
        u1_0.id in (select
            u2_0.id from users u2_0 
        join
            user_departments ad2_0 
                on u2_0.id=ad2_0.user_id 
        where
            ad2_0.department_id=?)
2026-03-17 14:42:47.460 TRACE [http-nio-8080-exec-9] org.hibernate.orm.jdbc.bind - binding parameter (1:VARCHAR) <- [ae34aefe-a224-4f84-8130-032570d97f97]
2026-03-17 14:42:47.460 DEBUG [http-nio-8080-exec-9] u.g.o.s.ScoreCalculationService - Calculating score for KR 'Доля операций без ошибок (%)': actual=91.0, type=HIGHER_BETTER, thresholds=[below=85.0, meets=90.0, good=95.0, veryGood=98.0, exceptional=100.0]
2026-03-17 14:42:47.460 DEBUG [http-nio-8080-exec-9] u.g.o.s.ScoreCalculationService - KR 'Доля операций без ошибок (%)' score result: score=0.35, level=ниже_ожиданий
2026-03-17 14:42:47.460 DEBUG [http-nio-8080-exec-9] u.g.o.s.ScoreCalculationService - Calculating score for KR 'Время обработки платежей (мин)': actual=35.0, type=LOWER_BETTER, thresholds=[below=60.0, meets=40.0, good=20.0, veryGood=10.0, exceptional=5.0]
2026-03-17 14:42:47.460 DEBUG [http-nio-8080-exec-9] u.g.o.s.ScoreCalculationService - KR 'Время обработки платежей (мин)' score result: score=0.36, level=ниже_ожиданий
2026-03-17 14:42:47.460 DEBUG [http-nio-8080-exec-9] u.g.o.s.ScoreCalculationService - Calculating score for KR 'Нарушения регуляторных требований (кол-во)': actual=5.0, type=LOWER_BETTER, thresholds=[below=10.0, meets=6.0, good=3.0, veryGood=1.0, exceptional=0.0]
2026-03-17 14:42:47.460 DEBUG [http-nio-8080-exec-9] u.g.o.s.ScoreCalculationService - KR 'Нарушения регуляторных требований (кол-во)' score result: score=0.38, level=ниже_ожиданий
2026-03-17 14:42:47.460 DEBUG [http-nio-8080-exec-9] u.g.o.s.ScoreCalculationService - Calculating score for KR 'Отчёты в ЦБ, сданные в срок (%)': actual=82.0, type=HIGHER_BETTER, thresholds=[below=70.0, meets=80.0, good=90.0, veryGood=97.0, exceptional=100.0]
2026-03-17 14:42:47.460 DEBUG [http-nio-8080-exec-9] u.g.o.s.ScoreCalculationService - KR 'Отчёты в ЦБ, сданные в срок (%)' score result: score=0.35, level=ниже_ожиданий
2026-03-17 14:42:47.460 DEBUG [http-nio-8080-exec-9] u.g.o.s.ScoreCalculationService - Calculating score for KR 'Инциденты операционного риска (кол-во)': actual=9.0, type=LOWER_BETTER, thresholds=[below=15.0, meets=10.0, good=5.0, veryGood=2.0, exceptional=0.0]
2026-03-17 14:42:47.460 DEBUG [http-nio-8080-exec-9] u.g.o.s.ScoreCalculationService - KR 'Инциденты операционного риска (кол-во)' score result: score=0.35, level=ниже_ожиданий
2026-03-17 14:42:47.460 DEBUG [http-nio-8080-exec-9] u.g.o.s.ScoreCalculationService - Calculating score for KR 'Доля операций без ошибок (%)': actual=91.0, type=HIGHER_BETTER, thresholds=[below=85.0, meets=90.0, good=95.0, veryGood=98.0, exceptional=100.0]
2026-03-17 14:42:47.460 DEBUG [http-nio-8080-exec-9] u.g.o.s.ScoreCalculationService - KR 'Доля операций без ошибок (%)' score result: score=0.35, level=ниже_ожиданий
2026-03-17 14:42:47.460 DEBUG [http-nio-8080-exec-9] u.g.o.s.ScoreCalculationService - Calculating score for KR 'Время обработки платежей (мин)': actual=35.0, type=LOWER_BETTER, thresholds=[below=60.0, meets=40.0, good=20.0, veryGood=10.0, exceptional=5.0]
2026-03-17 14:42:47.460 DEBUG [http-nio-8080-exec-9] u.g.o.s.ScoreCalculationService - KR 'Время обработки платежей (мин)' score result: score=0.36, level=ниже_ожиданий
2026-03-17 14:42:47.460 DEBUG [http-nio-8080-exec-9] u.g.o.s.ScoreCalculationService - Calculating score for KR 'Нарушения регуляторных требований (кол-во)': actual=5.0, type=LOWER_BETTER, thresholds=[below=10.0, meets=6.0, good=3.0, veryGood=1.0, exceptional=0.0]
2026-03-17 14:42:47.460 DEBUG [http-nio-8080-exec-9] u.g.o.s.ScoreCalculationService - KR 'Нарушения регуляторных требований (кол-во)' score result: score=0.38, level=ниже_ожиданий
2026-03-17 14:42:47.460 DEBUG [http-nio-8080-exec-9] u.g.o.s.ScoreCalculationService - Calculating score for KR 'Отчёты в ЦБ, сданные в срок (%)': actual=82.0, type=HIGHER_BETTER, thresholds=[below=70.0, meets=80.0, good=90.0, veryGood=97.0, exceptional=100.0]
2026-03-17 14:42:47.460 DEBUG [http-nio-8080-exec-9] u.g.o.s.ScoreCalculationService - KR 'Отчёты в ЦБ, сданные в срок (%)' score result: score=0.35, level=ниже_ожиданий
2026-03-17 14:42:47.460 DEBUG [http-nio-8080-exec-9] u.g.o.s.ScoreCalculationService - Calculating score for KR 'Инциденты операционного риска (кол-во)': actual=9.0, type=LOWER_BETTER, thresholds=[below=15.0, meets=10.0, good=5.0, veryGood=2.0, exceptional=0.0]
2026-03-17 14:42:47.460 DEBUG [http-nio-8080-exec-9] u.g.o.s.ScoreCalculationService - KR 'Инциденты операционного риска (кол-во)' score result: score=0.35, level=ниже_ожиданий
2026-03-17 14:42:47.460 INFO  [http-nio-8080-exec-9] u.g.o.s.ScoreCalculationService - Fetching evaluations for targetType=DEPARTMENT, targetId=ae34aefe-a224-4f84-8130-032570d97f97
2026-03-17 14:42:47.461 DEBUG [http-nio-8080-exec-9] org.hibernate.SQL - 
    select
        e1_0.id,
        e1_0.comment,
        e1_0.created_at,
        e1_0.evaluator_id,
        e1_0.evaluator_type,
        e1_0.letter_rating,
        e1_0.numeric_rating,
        e1_0.status,
        e1_0.submitted_at,
        e1_0.target_id,
        e1_0.target_type,
        e1_0.updated_at 
    from
        evaluations e1_0 
    where
        e1_0.target_type=? 
        and e1_0.target_id=? 
        and e1_0.status=?
2026-03-17 14:42:47.461 TRACE [http-nio-8080-exec-9] org.hibernate.orm.jdbc.bind - binding parameter (1:VARCHAR) <- [DEPARTMENT]
2026-03-17 14:42:47.461 TRACE [http-nio-8080-exec-9] org.hibernate.orm.jdbc.bind - binding parameter (2:UUID) <- [ae34aefe-a224-4f84-8130-032570d97f97]
2026-03-17 14:42:47.461 TRACE [http-nio-8080-exec-9] org.hibernate.orm.jdbc.bind - binding parameter (3:ENUM) <- [SUBMITTED]
2026-03-17 14:42:47.461 INFO  [http-nio-8080-exec-9] u.g.o.s.ScoreCalculationService - Found 0 submitted evaluations for targetId=ae34aefe-a224-4f84-8130-032570d97f97
2026-03-17 14:42:47.461 DEBUG [http-nio-8080-exec-9] u.g.o.s.ScoreCalculationService - Calculating score for KR 'Доля NPL в совокупном портфеле (%)': actual=2.1, type=LOWER_BETTER, thresholds=[below=8.0, meets=5.0, good=3.0, veryGood=1.5, exceptional=0.5]
2026-03-17 14:42:47.461 DEBUG [http-nio-8080-exec-9] u.g.o.s.ScoreCalculationService - KR 'Доля NPL в совокупном портфеле (%)' score result: score=0.72, level=на_уровне_ожиданий
2026-03-17 14:42:47.461 DEBUG [http-nio-8080-exec-9] u.g.o.s.ScoreCalculationService - Calculating score for KR 'Коэффициент покрытия резервами (%)': actual=108.0, type=HIGHER_BETTER, thresholds=[below=80.0, meets=90.0, good=100.0, veryGood=110.0, exceptional=120.0]
2026-03-17 14:42:47.461 DEBUG [http-nio-8080-exec-9] u.g.o.s.ScoreCalculationService - KR 'Коэффициент покрытия резервами (%)' score result: score=0.79, level=на_уровне_ожиданий
2026-03-17 14:42:47.461 DEBUG [http-nio-8080-exec-9] u.g.o.s.ScoreCalculationService - Calculating score for KR 'Средний скоринговый балл новых заёмщиков': actual=705.0, type=HIGHER_BETTER, thresholds=[below=550.0, meets=620.0, good=680.0, veryGood=730.0, exceptional=780.0]
2026-03-17 14:42:47.461 DEBUG [http-nio-8080-exec-9] u.g.o.s.ScoreCalculationService - KR 'Средний скоринговый балл новых заёмщиков' score result: score=0.69, level=на_уровне_ожиданий
2026-03-17 14:42:47.461 DEBUG [http-nio-8080-exec-9] u.g.o.s.ScoreCalculationService - Calculating score for KR 'Доля NPL в совокупном портфеле (%)': actual=2.1, type=LOWER_BETTER, thresholds=[below=8.0, meets=5.0, good=3.0, veryGood=1.5, exceptional=0.5]
2026-03-17 14:42:47.461 DEBUG [http-nio-8080-exec-9] u.g.o.s.ScoreCalculationService - KR 'Доля NPL в совокупном портфеле (%)' score result: score=0.72, level=на_уровне_ожиданий
2026-03-17 14:42:47.461 DEBUG [http-nio-8080-exec-9] u.g.o.s.ScoreCalculationService - Calculating score for KR 'Коэффициент покрытия резервами (%)': actual=108.0, type=HIGHER_BETTER, thresholds=[below=80.0, meets=90.0, good=100.0, veryGood=110.0, exceptional=120.0]
2026-03-17 14:42:47.461 DEBUG [http-nio-8080-exec-9] u.g.o.s.ScoreCalculationService - KR 'Коэффициент покрытия резервами (%)' score result: score=0.79, level=на_уровне_ожиданий
2026-03-17 14:42:47.461 DEBUG [http-nio-8080-exec-9] u.g.o.s.ScoreCalculationService - Calculating score for KR 'Средний скоринговый балл новых заёмщиков': actual=705.0, type=HIGHER_BETTER, thresholds=[below=550.0, meets=620.0, good=680.0, veryGood=730.0, exceptional=780.0]
2026-03-17 14:42:47.461 DEBUG [http-nio-8080-exec-9] u.g.o.s.ScoreCalculationService - KR 'Средний скоринговый балл новых заёмщиков' score result: score=0.69, level=на_уровне_ожиданий
2026-03-17 14:42:47.461 DEBUG [http-nio-8080-exec-9] u.g.o.s.ScoreCalculationService - Calculating score for KR 'Время реагирования на тревожные сигналы (дни)': actual=3.0, type=LOWER_BETTER, thresholds=[below=10.0, meets=7.0, good=4.0, veryGood=2.0, exceptional=1.0]
2026-03-17 14:42:47.461 DEBUG [http-nio-8080-exec-9] u.g.o.s.ScoreCalculationService - KR 'Время реагирования на тревожные сигналы (дни)' score result: score=0.69, level=на_уровне_ожиданий
2026-03-17 14:42:47.461 DEBUG [http-nio-8080-exec-9] u.g.o.s.ScoreCalculationService - Calculating score for KR 'Кредиты, выявленные на ранних стадиях дефолта (%)': actual=78.0, type=HIGHER_BETTER, thresholds=[below=40.0, meets=55.0, good=70.0, veryGood=85.0, exceptional=100.0]
2026-03-17 14:42:47.461 DEBUG [http-nio-8080-exec-9] u.g.o.s.ScoreCalculationService - KR 'Кредиты, выявленные на ранних стадиях дефолта (%)' score result: score=0.7, level=на_уровне_ожиданий
2026-03-17 14:42:47.461 DEBUG [http-nio-8080-exec-9] u.g.o.s.ScoreCalculationService - Calculating score for KR 'Время реагирования на тревожные сигналы (дни)': actual=3.0, type=LOWER_BETTER, thresholds=[below=10.0, meets=7.0, good=4.0, veryGood=2.0, exceptional=1.0]
2026-03-17 14:42:47.461 DEBUG [http-nio-8080-exec-9] u.g.o.s.ScoreCalculationService - KR 'Время реагирования на тревожные сигналы (дни)' score result: score=0.69, level=на_уровне_ожиданий
2026-03-17 14:42:47.461 DEBUG [http-nio-8080-exec-9] u.g.o.s.ScoreCalculationService - Calculating score for KR 'Кредиты, выявленные на ранних стадиях дефолта (%)': actual=78.0, type=HIGHER_BETTER, thresholds=[below=40.0, meets=55.0, good=70.0, veryGood=85.0, exceptional=100.0]
2026-03-17 14:42:47.461 DEBUG [http-nio-8080-exec-9] u.g.o.s.ScoreCalculationService - KR 'Кредиты, выявленные на ранних стадиях дефолта (%)' score result: score=0.7, level=на_уровне_ожиданий
2026-03-17 14:42:47.461 DEBUG [http-nio-8080-exec-9] u.g.o.s.ScoreCalculationService - Calculating score for KR 'Стресс-тесты проведены по плану (%)': actual=90.0, type=HIGHER_BETTER, thresholds=[below=60.0, meets=75.0, good=88.0, veryGood=95.0, exceptional=100.0]
2026-03-17 14:42:47.461 DEBUG [http-nio-8080-exec-9] u.g.o.s.ScoreCalculationService - KR 'Стресс-тесты проведены по плану (%)' score result: score=0.61, level=на_уровне_ожиданий
2026-03-17 14:42:47.462 DEBUG [http-nio-8080-exec-9] u.g.o.s.ScoreCalculationService - Calculating score for KR 'Точность предсказательных моделей (%)': actual=87.0, type=HIGHER_BETTER, thresholds=[below=65.0, meets=75.0, good=83.0, veryGood=90.0, exceptional=95.0]
2026-03-17 14:42:47.462 DEBUG [http-nio-8080-exec-9] u.g.o.s.ScoreCalculationService - KR 'Точность предсказательных моделей (%)' score result: score=0.71, level=на_уровне_ожиданий
2026-03-17 14:42:47.462 DEBUG [http-nio-8080-exec-9] u.g.o.s.ScoreCalculationService - Calculating score for KR 'Стресс-тесты проведены по плану (%)': actual=90.0, type=HIGHER_BETTER, thresholds=[below=60.0, meets=75.0, good=88.0, veryGood=95.0, exceptional=100.0]
2026-03-17 14:42:47.462 DEBUG [http-nio-8080-exec-9] u.g.o.s.ScoreCalculationService - KR 'Стресс-тесты проведены по плану (%)' score result: score=0.61, level=на_уровне_ожиданий
2026-03-17 14:42:47.462 DEBUG [http-nio-8080-exec-9] u.g.o.s.ScoreCalculationService - Calculating score for KR 'Точность предсказательных моделей (%)': actual=87.0, type=HIGHER_BETTER, thresholds=[below=65.0, meets=75.0, good=83.0, veryGood=90.0, exceptional=95.0]
2026-03-17 14:42:47.462 DEBUG [http-nio-8080-exec-9] u.g.o.s.ScoreCalculationService - KR 'Точность предсказательных моделей (%)' score result: score=0.71, level=на_уровне_ожиданий
2026-03-17 14:42:47.462 DEBUG [http-nio-8080-exec-9] org.hibernate.SQL - 
    select
        og1_0.id,
        og1_0.created_at,
        og1_0.department_id,
        og1_0.leader_id,
        og1_0.name,
        o1_0.group_id,
        o1_0.id,
        o1_0.created_at,
        o1_0.department_id,
        o1_0.division_id,
        o1_0.employee_id,
        kr1_0.objective_id,
        kr1_0.id,
        kr1_0.active,
        kr1_0.actual_value,
        kr1_0.attachment_file_name,
        kr1_0.attachment_url,
        kr1_0.description,
        kr1_0.metric_type,
        kr1_0.name,
        kr1_0.progress,
        kr1_0.threshold_below,
        kr1_0.threshold_exceptional,
        kr1_0.threshold_good,
        kr1_0.threshold_meets,
        kr1_0.threshold_very_good,
        kr1_0.unit,
        kr1_0.weight,
        o1_0.level,
        o1_0.name,
        o1_0.weight,
        og1_0.updated_at 
    from
        org_groups og1_0 
    left join
        objectives o1_0 
            on og1_0.id=o1_0.group_id 
    left join
        key_results kr1_0 
            on o1_0.id=kr1_0.objective_id 
    where
        og1_0.department_id=? 
    order by
        o1_0.created_at,
        kr1_0.id
2026-03-17 14:42:47.462 TRACE [http-nio-8080-exec-9] org.hibernate.orm.jdbc.bind - binding parameter (1:VARCHAR) <- [038bdd6d-6a62-4ab8-9dc3-792c8f8636c2]
2026-03-17 14:42:47.462 DEBUG [http-nio-8080-exec-9] u.g.o.s.ScoreCalculationService - Calculating score for KR 'Время рассмотрения заявки (дни)': actual=3.0, type=LOWER_BETTER, thresholds=[below=10.0, meets=7.0, good=4.0, veryGood=2.0, exceptional=1.0]
2026-03-17 14:42:47.462 DEBUG [http-nio-8080-exec-9] u.g.o.s.ScoreCalculationService - KR 'Время рассмотрения заявки (дни)' score result: score=0.69, level=на_уровне_ожиданий
2026-03-17 14:42:47.462 DEBUG [http-nio-8080-exec-9] u.g.o.s.ScoreCalculationService - Calculating score for KR 'Точность скоринговых моделей (%)': actual=85.0, type=HIGHER_BETTER, thresholds=[below=65.0, meets=75.0, good=83.0, veryGood=90.0, exceptional=95.0]
2026-03-17 14:42:47.462 DEBUG [http-nio-8080-exec-9] u.g.o.s.ScoreCalculationService - KR 'Точность скоринговых моделей (%)' score result: score=0.61, level=на_уровне_ожиданий
2026-03-17 14:42:47.462 DEBUG [http-nio-8080-exec-9] u.g.o.s.ScoreCalculationService - Calculating score for KR 'Время рассмотрения заявки (дни)': actual=3.0, type=LOWER_BETTER, thresholds=[below=10.0, meets=7.0, good=4.0, veryGood=2.0, exceptional=1.0]
2026-03-17 14:42:47.462 DEBUG [http-nio-8080-exec-9] u.g.o.s.ScoreCalculationService - KR 'Время рассмотрения заявки (дни)' score result: score=0.69, level=на_уровне_ожиданий
2026-03-17 14:42:47.462 DEBUG [http-nio-8080-exec-9] u.g.o.s.ScoreCalculationService - Calculating score for KR 'Точность скоринговых моделей (%)': actual=85.0, type=HIGHER_BETTER, thresholds=[below=65.0, meets=75.0, good=83.0, veryGood=90.0, exceptional=95.0]
2026-03-17 14:42:47.462 DEBUG [http-nio-8080-exec-9] u.g.o.s.ScoreCalculationService - KR 'Точность скоринговых моделей (%)' score result: score=0.61, level=на_уровне_ожиданий
2026-03-17 14:42:47.462 DEBUG [http-nio-8080-exec-9] u.g.o.s.ScoreCalculationService - Calculating score for KR 'Время рассмотрения заявки (дни)': actual=3.0, type=LOWER_BETTER, thresholds=[below=10.0, meets=7.0, good=4.0, veryGood=2.0, exceptional=1.0]
2026-03-17 14:42:47.462 DEBUG [http-nio-8080-exec-9] u.g.o.s.ScoreCalculationService - KR 'Время рассмотрения заявки (дни)' score result: score=0.69, level=на_уровне_ожиданий
2026-03-17 14:42:47.462 DEBUG [http-nio-8080-exec-9] u.g.o.s.ScoreCalculationService - Calculating score for KR 'Точность скоринговых моделей (%)': actual=85.0, type=HIGHER_BETTER, thresholds=[below=65.0, meets=75.0, good=83.0, veryGood=90.0, exceptional=95.0]
2026-03-17 14:42:47.462 DEBUG [http-nio-8080-exec-9] u.g.o.s.ScoreCalculationService - KR 'Точность скоринговых моделей (%)' score result: score=0.61, level=на_уровне_ожиданий
2026-03-17 14:42:47.463 DEBUG [http-nio-8080-exec-9] org.hibernate.SQL - 
    select
        og1_0.id,
        og1_0.created_at,
        og1_0.department_id,
        og1_0.leader_id,
        m1_0.group_id,
        m1_1.id,
        m1_1.bio,
        m1_1.can_edit_assigned_departments,
        m1_1.created_at,
        m1_1.email,
        m1_1.full_name,
        m1_1.is_active,
        m1_1.job_title,
        m1_1.last_login,
        m1_1.password,
        m1_1.phone_number,
        m1_1.profile_photo_url,
        m1_1.read_only,
        m1_1.role,
        m1_1.updated_at,
        m1_1.username,
        og1_0.name,
        og1_0.updated_at 
    from
        org_groups og1_0 
    left join
        group_members m1_0 
            on og1_0.id=m1_0.group_id 
    left join
        users m1_1 
            on m1_1.id=m1_0.user_id 
    where
        og1_0.id=?
2026-03-17 14:42:47.463 TRACE [http-nio-8080-exec-9] org.hibernate.orm.jdbc.bind - binding parameter (1:VARCHAR) <- [e1a228d5-2966-4720-927c-d03adccbcc61]
2026-03-17 14:42:47.463 DEBUG [http-nio-8080-exec-9] org.hibernate.SQL - 
    select
        distinct u1_0.id,
        ad1_0.user_id,
        ad1_1.id,
        ad1_1.created_at,
        ad1_1.leader_id,
        ad1_1.division_id,
        ad1_1.name,
        ad1_1.updated_at,
        u1_0.bio,
        u1_0.can_edit_assigned_departments,
        u1_0.created_at,
        u1_0.email,
        u1_0.full_name,
        u1_0.is_active,
        u1_0.job_title,
        u1_0.last_login,
        u1_0.password,
        u1_0.phone_number,
        u1_0.profile_photo_url,
        u1_0.read_only,
        u1_0.role,
        u1_0.updated_at,
        u1_0.username 
    from
        users u1_0 
    left join
        user_departments ad1_0 
            on u1_0.id=ad1_0.user_id 
    left join
        department ad1_1 
            on ad1_1.id=ad1_0.department_id 
    where
        u1_0.id in (select
            u2_0.id from users u2_0 
        join
            user_departments ad2_0 
                on u2_0.id=ad2_0.user_id 
        where
            ad2_0.department_id=?)
2026-03-17 14:42:47.463 TRACE [http-nio-8080-exec-9] org.hibernate.orm.jdbc.bind - binding parameter (1:VARCHAR) <- [038bdd6d-6a62-4ab8-9dc3-792c8f8636c2]
2026-03-17 14:42:47.463 DEBUG [http-nio-8080-exec-9] u.g.o.s.ScoreCalculationService - Calculating score for KR 'Доля NPL в совокупном портфеле (%)': actual=2.1, type=LOWER_BETTER, thresholds=[below=8.0, meets=5.0, good=3.0, veryGood=1.5, exceptional=0.5]
2026-03-17 14:42:47.463 DEBUG [http-nio-8080-exec-9] u.g.o.s.ScoreCalculationService - KR 'Доля NPL в совокупном портфеле (%)' score result: score=0.72, level=на_уровне_ожиданий
2026-03-17 14:42:47.463 DEBUG [http-nio-8080-exec-9] u.g.o.s.ScoreCalculationService - Calculating score for KR 'Коэффициент покрытия резервами (%)': actual=108.0, type=HIGHER_BETTER, thresholds=[below=80.0, meets=90.0, good=100.0, veryGood=110.0, exceptional=120.0]
2026-03-17 14:42:47.463 DEBUG [http-nio-8080-exec-9] u.g.o.s.ScoreCalculationService - KR 'Коэффициент покрытия резервами (%)' score result: score=0.79, level=на_уровне_ожиданий
2026-03-17 14:42:47.463 DEBUG [http-nio-8080-exec-9] u.g.o.s.ScoreCalculationService - Calculating score for KR 'Средний скоринговый балл новых заёмщиков': actual=705.0, type=HIGHER_BETTER, thresholds=[below=550.0, meets=620.0, good=680.0, veryGood=730.0, exceptional=780.0]
2026-03-17 14:42:47.463 DEBUG [http-nio-8080-exec-9] u.g.o.s.ScoreCalculationService - KR 'Средний скоринговый балл новых заёмщиков' score result: score=0.69, level=на_уровне_ожиданий
2026-03-17 14:42:47.463 DEBUG [http-nio-8080-exec-9] u.g.o.s.ScoreCalculationService - Calculating score for KR 'Время реагирования на тревожные сигналы (дни)': actual=3.0, type=LOWER_BETTER, thresholds=[below=10.0, meets=7.0, good=4.0, veryGood=2.0, exceptional=1.0]
2026-03-17 14:42:47.463 DEBUG [http-nio-8080-exec-9] u.g.o.s.ScoreCalculationService - KR 'Время реагирования на тревожные сигналы (дни)' score result: score=0.69, level=на_уровне_ожиданий
2026-03-17 14:42:47.463 DEBUG [http-nio-8080-exec-9] u.g.o.s.ScoreCalculationService - Calculating score for KR 'Кредиты, выявленные на ранних стадиях дефолта (%)': actual=78.0, type=HIGHER_BETTER, thresholds=[below=40.0, meets=55.0, good=70.0, veryGood=85.0, exceptional=100.0]
2026-03-17 14:42:47.463 DEBUG [http-nio-8080-exec-9] u.g.o.s.ScoreCalculationService - KR 'Кредиты, выявленные на ранних стадиях дефолта (%)' score result: score=0.7, level=на_уровне_ожиданий
2026-03-17 14:42:47.463 DEBUG [http-nio-8080-exec-9] u.g.o.s.ScoreCalculationService - Calculating score for KR 'Стресс-тесты проведены по плану (%)': actual=90.0, type=HIGHER_BETTER, thresholds=[below=60.0, meets=75.0, good=88.0, veryGood=95.0, exceptional=100.0]
2026-03-17 14:42:47.463 DEBUG [http-nio-8080-exec-9] u.g.o.s.ScoreCalculationService - KR 'Стресс-тесты проведены по плану (%)' score result: score=0.61, level=на_уровне_ожиданий
2026-03-17 14:42:47.463 DEBUG [http-nio-8080-exec-9] u.g.o.s.ScoreCalculationService - Calculating score for KR 'Точность предсказательных моделей (%)': actual=87.0, type=HIGHER_BETTER, thresholds=[below=65.0, meets=75.0, good=83.0, veryGood=90.0, exceptional=95.0]
2026-03-17 14:42:47.463 DEBUG [http-nio-8080-exec-9] u.g.o.s.ScoreCalculationService - KR 'Точность предсказательных моделей (%)' score result: score=0.71, level=на_уровне_ожиданий
2026-03-17 14:42:47.463 DEBUG [http-nio-8080-exec-9] u.g.o.s.ScoreCalculationService - Calculating score for KR 'Доля NPL в совокупном портфеле (%)': actual=2.1, type=LOWER_BETTER, thresholds=[below=8.0, meets=5.0, good=3.0, veryGood=1.5, exceptional=0.5]
2026-03-17 14:42:47.463 DEBUG [http-nio-8080-exec-9] u.g.o.s.ScoreCalculationService - KR 'Доля NPL в совокупном портфеле (%)' score result: score=0.72, level=на_уровне_ожиданий
2026-03-17 14:42:47.463 DEBUG [http-nio-8080-exec-9] u.g.o.s.ScoreCalculationService - Calculating score for KR 'Коэффициент покрытия резервами (%)': actual=108.0, type=HIGHER_BETTER, thresholds=[below=80.0, meets=90.0, good=100.0, veryGood=110.0, exceptional=120.0]
2026-03-17 14:42:47.463 DEBUG [http-nio-8080-exec-9] u.g.o.s.ScoreCalculationService - KR 'Коэффициент покрытия резервами (%)' score result: score=0.79, level=на_уровне_ожиданий
2026-03-17 14:42:47.463 DEBUG [http-nio-8080-exec-9] u.g.o.s.ScoreCalculationService - Calculating score for KR 'Средний скоринговый балл новых заёмщиков': actual=705.0, type=HIGHER_BETTER, thresholds=[below=550.0, meets=620.0, good=680.0, veryGood=730.0, exceptional=780.0]
2026-03-17 14:42:47.463 DEBUG [http-nio-8080-exec-9] u.g.o.s.ScoreCalculationService - KR 'Средний скоринговый балл новых заёмщиков' score result: score=0.69, level=на_уровне_ожиданий
2026-03-17 14:42:47.463 DEBUG [http-nio-8080-exec-9] u.g.o.s.ScoreCalculationService - Calculating score for KR 'Время реагирования на тревожные сигналы (дни)': actual=3.0, type=LOWER_BETTER, thresholds=[below=10.0, meets=7.0, good=4.0, veryGood=2.0, exceptional=1.0]
2026-03-17 14:42:47.463 DEBUG [http-nio-8080-exec-9] u.g.o.s.ScoreCalculationService - KR 'Время реагирования на тревожные сигналы (дни)' score result: score=0.69, level=на_уровне_ожиданий
2026-03-17 14:42:47.463 DEBUG [http-nio-8080-exec-9] u.g.o.s.ScoreCalculationService - Calculating score for KR 'Кредиты, выявленные на ранних стадиях дефолта (%)': actual=78.0, type=HIGHER_BETTER, thresholds=[below=40.0, meets=55.0, good=70.0, veryGood=85.0, exceptional=100.0]
2026-03-17 14:42:47.463 DEBUG [http-nio-8080-exec-9] u.g.o.s.ScoreCalculationService - KR 'Кредиты, выявленные на ранних стадиях дефолта (%)' score result: score=0.7, level=на_уровне_ожиданий
2026-03-17 14:42:47.463 DEBUG [http-nio-8080-exec-9] u.g.o.s.ScoreCalculationService - Calculating score for KR 'Стресс-тесты проведены по плану (%)': actual=90.0, type=HIGHER_BETTER, thresholds=[below=60.0, meets=75.0, good=88.0, veryGood=95.0, exceptional=100.0]
2026-03-17 14:42:47.463 DEBUG [http-nio-8080-exec-9] u.g.o.s.ScoreCalculationService - KR 'Стресс-тесты проведены по плану (%)' score result: score=0.61, level=на_уровне_ожиданий
2026-03-17 14:42:47.463 DEBUG [http-nio-8080-exec-9] u.g.o.s.ScoreCalculationService - Calculating score for KR 'Точность предсказательных моделей (%)': actual=87.0, type=HIGHER_BETTER, thresholds=[below=65.0, meets=75.0, good=83.0, veryGood=90.0, exceptional=95.0]
2026-03-17 14:42:47.463 DEBUG [http-nio-8080-exec-9] u.g.o.s.ScoreCalculationService - KR 'Точность предсказательных моделей (%)' score result: score=0.71, level=на_уровне_ожиданий
2026-03-17 14:42:47.463 INFO  [http-nio-8080-exec-9] u.g.o.s.ScoreCalculationService - Fetching evaluations for targetType=DEPARTMENT, targetId=038bdd6d-6a62-4ab8-9dc3-792c8f8636c2
2026-03-17 14:42:47.463 DEBUG [http-nio-8080-exec-9] org.hibernate.SQL - 
    select
        e1_0.id,
        e1_0.comment,
        e1_0.created_at,
        e1_0.evaluator_id,
        e1_0.evaluator_type,
        e1_0.letter_rating,
        e1_0.numeric_rating,
        e1_0.status,
        e1_0.submitted_at,
        e1_0.target_id,
        e1_0.target_type,
        e1_0.updated_at 
    from
        evaluations e1_0 
    where
        e1_0.target_type=? 
        and e1_0.target_id=? 
        and e1_0.status=?
2026-03-17 14:42:47.464 TRACE [http-nio-8080-exec-9] org.hibernate.orm.jdbc.bind - binding parameter (1:VARCHAR) <- [DEPARTMENT]
2026-03-17 14:42:47.464 TRACE [http-nio-8080-exec-9] org.hibernate.orm.jdbc.bind - binding parameter (2:UUID) <- [038bdd6d-6a62-4ab8-9dc3-792c8f8636c2]
2026-03-17 14:42:47.464 TRACE [http-nio-8080-exec-9] org.hibernate.orm.jdbc.bind - binding parameter (3:ENUM) <- [SUBMITTED]
2026-03-17 14:42:47.464 INFO  [http-nio-8080-exec-9] u.g.o.s.ScoreCalculationService - Found 0 submitted evaluations for targetId=038bdd6d-6a62-4ab8-9dc3-792c8f8636c2
2026-03-17 14:42:47.464 DEBUG [http-nio-8080-exec-9] u.g.o.s.ScoreCalculationService - Calculating score for KR 'Сдача регуляторных отчётов в срок (%)': actual=66.0, type=HIGHER_BETTER, thresholds=[below=60.0, meets=72.0, good=83.0, veryGood=93.0, exceptional=100.0]
2026-03-17 14:42:47.464 DEBUG [http-nio-8080-exec-9] u.g.o.s.ScoreCalculationService - KR 'Сдача регуляторных отчётов в срок (%)' score result: score=0.16, level=не_соответствует
2026-03-17 14:42:47.464 DEBUG [http-nio-8080-exec-9] u.g.o.s.ScoreCalculationService - Calculating score for KR 'Обучение сотрудников по AML/CFT (%)': actual=51.0, type=HIGHER_BETTER, thresholds=[below=40.0, meets=58.0, good=72.0, veryGood=86.0, exceptional=100.0]
2026-03-17 14:42:47.464 DEBUG [http-nio-8080-exec-9] u.g.o.s.ScoreCalculationService - KR 'Обучение сотрудников по AML/CFT (%)' score result: score=0.19, level=не_соответствует
2026-03-17 14:42:47.464 DEBUG [http-nio-8080-exec-9] u.g.o.s.ScoreCalculationService - Calculating score for KR 'Нарушения нормативных актов (кол-во)': actual=15.0, type=LOWER_BETTER, thresholds=[below=20.0, meets=12.0, good=6.0, veryGood=2.0, exceptional=0.0]
2026-03-17 14:42:47.464 DEBUG [http-nio-8080-exec-9] u.g.o.s.ScoreCalculationService - KR 'Нарушения нормативных актов (кол-во)' score result: score=0.19, level=не_соответствует
2026-03-17 14:42:47.464 DEBUG [http-nio-8080-exec-9] u.g.o.s.ScoreCalculationService - Calculating score for KR 'Сдача регуляторных отчётов в срок (%)': actual=66.0, type=HIGHER_BETTER, thresholds=[below=60.0, meets=72.0, good=83.0, veryGood=93.0, exceptional=100.0]
2026-03-17 14:42:47.464 DEBUG [http-nio-8080-exec-9] u.g.o.s.ScoreCalculationService - KR 'Сдача регуляторных отчётов в срок (%)' score result: score=0.16, level=не_соответствует
2026-03-17 14:42:47.464 DEBUG [http-nio-8080-exec-9] u.g.o.s.ScoreCalculationService - Calculating score for KR 'Обучение сотрудников по AML/CFT (%)': actual=51.0, type=HIGHER_BETTER, thresholds=[below=40.0, meets=58.0, good=72.0, veryGood=86.0, exceptional=100.0]
2026-03-17 14:42:47.464 DEBUG [http-nio-8080-exec-9] u.g.o.s.ScoreCalculationService - KR 'Обучение сотрудников по AML/CFT (%)' score result: score=0.19, level=не_соответствует
2026-03-17 14:42:47.464 DEBUG [http-nio-8080-exec-9] u.g.o.s.ScoreCalculationService - Calculating score for KR 'Нарушения нормативных актов (кол-во)': actual=15.0, type=LOWER_BETTER, thresholds=[below=20.0, meets=12.0, good=6.0, veryGood=2.0, exceptional=0.0]
2026-03-17 14:42:47.464 DEBUG [http-nio-8080-exec-9] u.g.o.s.ScoreCalculationService - KR 'Нарушения нормативных актов (кол-во)' score result: score=0.19, level=не_соответствует
2026-03-17 14:42:47.464 DEBUG [http-nio-8080-exec-9] u.g.o.s.ScoreCalculationService - Calculating score for KR 'Подозрительные транзакции, рассмотренные в срок (%)': actual=62.0, type=HIGHER_BETTER, thresholds=[below=50.0, meets=65.0, good=78.0, veryGood=90.0, exceptional=100.0]
2026-03-17 14:42:47.464 DEBUG [http-nio-8080-exec-9] u.g.o.s.ScoreCalculationService - KR 'Подозрительные транзакции, рассмотренные в срок (%)' score result: score=0.25, level=не_соответствует
2026-03-17 14:42:47.464 DEBUG [http-nio-8080-exec-9] u.g.o.s.ScoreCalculationService - Calculating score for KR 'Ложноположительные срабатывания AML-фильтров (%)': actual=24.0, type=LOWER_BETTER, thresholds=[below=30.0, meets=22.0, good=15.0, veryGood=8.0, exceptional=3.0]
2026-03-17 14:42:47.464 DEBUG [http-nio-8080-exec-9] u.g.o.s.ScoreCalculationService - KR 'Ложноположительные срабатывания AML-фильтров (%)' score result: score=0.23, level=не_соответствует
2026-03-17 14:42:47.464 DEBUG [http-nio-8080-exec-9] u.g.o.s.ScoreCalculationService - Calculating score for KR 'Подозрительные транзакции, рассмотренные в срок (%)': actual=62.0, type=HIGHER_BETTER, thresholds=[below=50.0, meets=65.0, good=78.0, veryGood=90.0, exceptional=100.0]
2026-03-17 14:42:47.464 DEBUG [http-nio-8080-exec-9] u.g.o.s.ScoreCalculationService - KR 'Подозрительные транзакции, рассмотренные в срок (%)' score result: score=0.25, level=не_соответствует
2026-03-17 14:42:47.464 DEBUG [http-nio-8080-exec-9] u.g.o.s.ScoreCalculationService - Calculating score for KR 'Ложноположительные срабатывания AML-фильтров (%)': actual=24.0, type=LOWER_BETTER, thresholds=[below=30.0, meets=22.0, good=15.0, veryGood=8.0, exceptional=3.0]
2026-03-17 14:42:47.464 DEBUG [http-nio-8080-exec-9] u.g.o.s.ScoreCalculationService - KR 'Ложноположительные срабатывания AML-фильтров (%)' score result: score=0.23, level=не_соответствует
2026-03-17 14:42:47.464 DEBUG [http-nio-8080-exec-9] u.g.o.s.ScoreCalculationService - Calculating score for KR 'Рекомендации аудита, выполненные в срок (%)': actual=58.0, type=HIGHER_BETTER, thresholds=[below=40.0, meets=55.0, good=70.0, veryGood=85.0, exceptional=100.0]
2026-03-17 14:42:47.464 DEBUG [http-nio-8080-exec-9] u.g.o.s.ScoreCalculationService - KR 'Рекомендации аудита, выполненные в срок (%)' score result: score=0.35, level=ниже_ожиданий
2026-03-17 14:42:47.464 DEBUG [http-nio-8080-exec-9] u.g.o.s.ScoreCalculationService - Calculating score for KR 'Рекомендации аудита, выполненные в срок (%)': actual=58.0, type=HIGHER_BETTER, thresholds=[below=40.0, meets=55.0, good=70.0, veryGood=85.0, exceptional=100.0]
2026-03-17 14:42:47.464 DEBUG [http-nio-8080-exec-9] u.g.o.s.ScoreCalculationService - KR 'Рекомендации аудита, выполненные в срок (%)' score result: score=0.35, level=ниже_ожиданий
2026-03-17 14:42:47.464 DEBUG [http-nio-8080-exec-9] org.hibernate.SQL - 
    select
        og1_0.id,
        og1_0.created_at,
        og1_0.department_id,
        og1_0.leader_id,
        og1_0.name,
        o1_0.group_id,
        o1_0.id,
        o1_0.created_at,
        o1_0.department_id,
        o1_0.division_id,
        o1_0.employee_id,
        kr1_0.objective_id,
        kr1_0.id,
        kr1_0.active,
        kr1_0.actual_value,
        kr1_0.attachment_file_name,
        kr1_0.attachment_url,
        kr1_0.description,
        kr1_0.metric_type,
        kr1_0.name,
        kr1_0.progress,
        kr1_0.threshold_below,
        kr1_0.threshold_exceptional,
        kr1_0.threshold_good,
        kr1_0.threshold_meets,
        kr1_0.threshold_very_good,
        kr1_0.unit,
        kr1_0.weight,
        o1_0.level,
        o1_0.name,
        o1_0.weight,
        og1_0.updated_at 
    from
        org_groups og1_0 
    left join
        objectives o1_0 
            on og1_0.id=o1_0.group_id 
    left join
        key_results kr1_0 
            on o1_0.id=kr1_0.objective_id 
    where
        og1_0.department_id=? 
    order by
        o1_0.created_at,
        kr1_0.id
2026-03-17 14:42:47.464 TRACE [http-nio-8080-exec-9] org.hibernate.orm.jdbc.bind - binding parameter (1:VARCHAR) <- [e0d70164-f18f-48b7-aa14-6d16f4ba82de]
2026-03-17 14:42:47.465 DEBUG [http-nio-8080-exec-9] org.hibernate.SQL - 
    select
        distinct u1_0.id,
        ad1_0.user_id,
        ad1_1.id,
        ad1_1.created_at,
        ad1_1.leader_id,
        ad1_1.division_id,
        ad1_1.name,
        ad1_1.updated_at,
        u1_0.bio,
        u1_0.can_edit_assigned_departments,
        u1_0.created_at,
        u1_0.email,
        u1_0.full_name,
        u1_0.is_active,
        u1_0.job_title,
        u1_0.last_login,
        u1_0.password,
        u1_0.phone_number,
        u1_0.profile_photo_url,
        u1_0.read_only,
        u1_0.role,
        u1_0.updated_at,
        u1_0.username 
    from
        users u1_0 
    left join
        user_departments ad1_0 
            on u1_0.id=ad1_0.user_id 
    left join
        department ad1_1 
            on ad1_1.id=ad1_0.department_id 
    where
        u1_0.id in (select
            u2_0.id from users u2_0 
        join
            user_departments ad2_0 
                on u2_0.id=ad2_0.user_id 
        where
            ad2_0.department_id=?)
2026-03-17 14:42:47.465 TRACE [http-nio-8080-exec-9] org.hibernate.orm.jdbc.bind - binding parameter (1:VARCHAR) <- [e0d70164-f18f-48b7-aa14-6d16f4ba82de]
2026-03-17 14:42:47.465 DEBUG [http-nio-8080-exec-9] u.g.o.s.ScoreCalculationService - Calculating score for KR 'Сдача регуляторных отчётов в срок (%)': actual=66.0, type=HIGHER_BETTER, thresholds=[below=60.0, meets=72.0, good=83.0, veryGood=93.0, exceptional=100.0]
2026-03-17 14:42:47.465 DEBUG [http-nio-8080-exec-9] u.g.o.s.ScoreCalculationService - KR 'Сдача регуляторных отчётов в срок (%)' score result: score=0.16, level=не_соответствует
2026-03-17 14:42:47.465 DEBUG [http-nio-8080-exec-9] u.g.o.s.ScoreCalculationService - Calculating score for KR 'Обучение сотрудников по AML/CFT (%)': actual=51.0, type=HIGHER_BETTER, thresholds=[below=40.0, meets=58.0, good=72.0, veryGood=86.0, exceptional=100.0]
2026-03-17 14:42:47.465 DEBUG [http-nio-8080-exec-9] u.g.o.s.ScoreCalculationService - KR 'Обучение сотрудников по AML/CFT (%)' score result: score=0.19, level=не_соответствует
2026-03-17 14:42:47.465 DEBUG [http-nio-8080-exec-9] u.g.o.s.ScoreCalculationService - Calculating score for KR 'Нарушения нормативных актов (кол-во)': actual=15.0, type=LOWER_BETTER, thresholds=[below=20.0, meets=12.0, good=6.0, veryGood=2.0, exceptional=0.0]
2026-03-17 14:42:47.465 DEBUG [http-nio-8080-exec-9] u.g.o.s.ScoreCalculationService - KR 'Нарушения нормативных актов (кол-во)' score result: score=0.19, level=не_соответствует
2026-03-17 14:42:47.465 DEBUG [http-nio-8080-exec-9] u.g.o.s.ScoreCalculationService - Calculating score for KR 'Подозрительные транзакции, рассмотренные в срок (%)': actual=62.0, type=HIGHER_BETTER, thresholds=[below=50.0, meets=65.0, good=78.0, veryGood=90.0, exceptional=100.0]
2026-03-17 14:42:47.465 DEBUG [http-nio-8080-exec-9] u.g.o.s.ScoreCalculationService - KR 'Подозрительные транзакции, рассмотренные в срок (%)' score result: score=0.25, level=не_соответствует
2026-03-17 14:42:47.465 DEBUG [http-nio-8080-exec-9] u.g.o.s.ScoreCalculationService - Calculating score for KR 'Ложноположительные срабатывания AML-фильтров (%)': actual=24.0, type=LOWER_BETTER, thresholds=[below=30.0, meets=22.0, good=15.0, veryGood=8.0, exceptional=3.0]
2026-03-17 14:42:47.465 DEBUG [http-nio-8080-exec-9] u.g.o.s.ScoreCalculationService - KR 'Ложноположительные срабатывания AML-фильтров (%)' score result: score=0.23, level=не_соответствует
2026-03-17 14:42:47.465 DEBUG [http-nio-8080-exec-9] u.g.o.s.ScoreCalculationService - Calculating score for KR 'Рекомендации аудита, выполненные в срок (%)': actual=58.0, type=HIGHER_BETTER, thresholds=[below=40.0, meets=55.0, good=70.0, veryGood=85.0, exceptional=100.0]
2026-03-17 14:42:47.465 DEBUG [http-nio-8080-exec-9] u.g.o.s.ScoreCalculationService - KR 'Рекомендации аудита, выполненные в срок (%)' score result: score=0.35, level=ниже_ожиданий
2026-03-17 14:42:47.465 DEBUG [http-nio-8080-exec-9] u.g.o.s.ScoreCalculationService - Calculating score for KR 'Сдача регуляторных отчётов в срок (%)': actual=66.0, type=HIGHER_BETTER, thresholds=[below=60.0, meets=72.0, good=83.0, veryGood=93.0, exceptional=100.0]
2026-03-17 14:42:47.465 DEBUG [http-nio-8080-exec-9] u.g.o.s.ScoreCalculationService - KR 'Сдача регуляторных отчётов в срок (%)' score result: score=0.16, level=не_соответствует
2026-03-17 14:42:47.465 DEBUG [http-nio-8080-exec-9] u.g.o.s.ScoreCalculationService - Calculating score for KR 'Обучение сотрудников по AML/CFT (%)': actual=51.0, type=HIGHER_BETTER, thresholds=[below=40.0, meets=58.0, good=72.0, veryGood=86.0, exceptional=100.0]
2026-03-17 14:42:47.465 DEBUG [http-nio-8080-exec-9] u.g.o.s.ScoreCalculationService - KR 'Обучение сотрудников по AML/CFT (%)' score result: score=0.19, level=не_соответствует
2026-03-17 14:42:47.465 DEBUG [http-nio-8080-exec-9] u.g.o.s.ScoreCalculationService - Calculating score for KR 'Нарушения нормативных актов (кол-во)': actual=15.0, type=LOWER_BETTER, thresholds=[below=20.0, meets=12.0, good=6.0, veryGood=2.0, exceptional=0.0]
2026-03-17 14:42:47.465 DEBUG [http-nio-8080-exec-9] u.g.o.s.ScoreCalculationService - KR 'Нарушения нормативных актов (кол-во)' score result: score=0.19, level=не_соответствует
2026-03-17 14:42:47.465 DEBUG [http-nio-8080-exec-9] u.g.o.s.ScoreCalculationService - Calculating score for KR 'Подозрительные транзакции, рассмотренные в срок (%)': actual=62.0, type=HIGHER_BETTER, thresholds=[below=50.0, meets=65.0, good=78.0, veryGood=90.0, exceptional=100.0]
2026-03-17 14:42:47.465 DEBUG [http-nio-8080-exec-9] u.g.o.s.ScoreCalculationService - KR 'Подозрительные транзакции, рассмотренные в срок (%)' score result: score=0.25, level=не_соответствует
2026-03-17 14:42:47.465 DEBUG [http-nio-8080-exec-9] u.g.o.s.ScoreCalculationService - Calculating score for KR 'Ложноположительные срабатывания AML-фильтров (%)': actual=24.0, type=LOWER_BETTER, thresholds=[below=30.0, meets=22.0, good=15.0, veryGood=8.0, exceptional=3.0]
2026-03-17 14:42:47.465 DEBUG [http-nio-8080-exec-9] u.g.o.s.ScoreCalculationService - KR 'Ложноположительные срабатывания AML-фильтров (%)' score result: score=0.23, level=не_соответствует
2026-03-17 14:42:47.465 DEBUG [http-nio-8080-exec-9] u.g.o.s.ScoreCalculationService - Calculating score for KR 'Рекомендации аудита, выполненные в срок (%)': actual=58.0, type=HIGHER_BETTER, thresholds=[below=40.0, meets=55.0, good=70.0, veryGood=85.0, exceptional=100.0]
2026-03-17 14:42:47.465 DEBUG [http-nio-8080-exec-9] u.g.o.s.ScoreCalculationService - KR 'Рекомендации аудита, выполненные в срок (%)' score result: score=0.35, level=ниже_ожиданий
2026-03-17 14:42:47.465 INFO  [http-nio-8080-exec-9] u.g.o.s.ScoreCalculationService - Fetching evaluations for targetType=DEPARTMENT, targetId=e0d70164-f18f-48b7-aa14-6d16f4ba82de
2026-03-17 14:42:47.465 DEBUG [http-nio-8080-exec-9] org.hibernate.SQL - 
    select
        e1_0.id,
        e1_0.comment,
        e1_0.created_at,
        e1_0.evaluator_id,
        e1_0.evaluator_type,
        e1_0.letter_rating,
        e1_0.numeric_rating,
        e1_0.status,
        e1_0.submitted_at,
        e1_0.target_id,
        e1_0.target_type,
        e1_0.updated_at 
    from
        evaluations e1_0 
    where
        e1_0.target_type=? 
        and e1_0.target_id=? 
        and e1_0.status=?
2026-03-17 14:42:47.466 TRACE [http-nio-8080-exec-9] org.hibernate.orm.jdbc.bind - binding parameter (1:VARCHAR) <- [DEPARTMENT]
2026-03-17 14:42:47.466 TRACE [http-nio-8080-exec-9] org.hibernate.orm.jdbc.bind - binding parameter (2:UUID) <- [e0d70164-f18f-48b7-aa14-6d16f4ba82de]
2026-03-17 14:42:47.466 TRACE [http-nio-8080-exec-9] org.hibernate.orm.jdbc.bind - binding parameter (3:ENUM) <- [SUBMITTED]
2026-03-17 14:42:47.466 INFO  [http-nio-8080-exec-9] u.g.o.s.ScoreCalculationService - Found 0 submitted evaluations for targetId=e0d70164-f18f-48b7-aa14-6d16f4ba82de
2026-03-17 14:42:47.473 INFO  [http-nio-8080-exec-9] u.g.o.config.RequestLoggingFilter - GET /api/departments 200 (81ms)
2026-03-17 14:42:47.497 INFO  [http-nio-8080-exec-2] u.g.o.s.UserDetailsServiceImpl - Loading user by username: admin
2026-03-17 14:42:47.498 DEBUG [http-nio-8080-exec-2] org.hibernate.SQL - 
    select
        u1_0.id,
        u1_0.bio,
        u1_0.can_edit_assigned_departments,
        u1_0.created_at,
        u1_0.email,
        u1_0.full_name,
        u1_0.is_active,
        u1_0.job_title,
        u1_0.last_login,
        u1_0.password,
        u1_0.phone_number,
        u1_0.profile_photo_url,
        u1_0.read_only,
        u1_0.role,
        u1_0.updated_at,
        u1_0.username 
    from
        users u1_0 
    where
        u1_0.username=?
2026-03-17 14:42:47.498 TRACE [http-nio-8080-exec-2] org.hibernate.orm.jdbc.bind - binding parameter (1:VARCHAR) <- [admin]
2026-03-17 14:42:47.498 INFO  [http-nio-8080-exec-2] u.g.o.s.UserDetailsServiceImpl - Found user: admin, role: ADMIN, active: true
2026-03-17 14:42:47.498 INFO  [http-nio-8080-exec-2] u.g.o.s.UserDetailsServiceImpl - UserDetails created, enabled: true
2026-03-17 14:42:47.503 DEBUG [http-nio-8080-exec-2] org.hibernate.SQL - 
    select
        ss1_0.id,
        ss1_0.color,
        ss1_0."SNAPSHOT_MONTH",
        ss1_0."QUARTER",
        ss1_0.score,
        ss1_0.score_level,
        ss1_0.snapshot_date,
        ss1_0.target_id,
        ss1_0.target_name,
        ss1_0.target_type,
        ss1_0."SNAPSHOT_YEAR" 
    from
        score_snapshots ss1_0 
    where
        ss1_0.target_type=? 
    order by
        ss1_0."SNAPSHOT_YEAR",
        ss1_0."SNAPSHOT_MONTH"
2026-03-17 14:42:47.503 TRACE [http-nio-8080-exec-2] org.hibernate.orm.jdbc.bind - binding parameter (1:ENUM) <- [DEPARTMENT]
2026-03-17 14:42:47.509 INFO  [http-nio-8080-exec-2] u.g.o.config.RequestLoggingFilter - GET /api/okr/score-history 200 (10ms)
2026-03-17 14:49:02.645 INFO  [SpringApplicationShutdownHook] com.zaxxer.hikari.HikariDataSource - HikariPool-1 - Shutdown initiated...
2026-03-17 14:49:02.648 INFO  [SpringApplicationShutdownHook] com.zaxxer.hikari.HikariDataSource - HikariPool-1 - Shutdown completed.
